category,weight,wing,tarsus,blength,bdepth,bwidth,Prin1,Prin1 2,Prin2
Ff,15.3,66.5,19,10,9.05,7.7,-0.782346323,-1.342409434,-0.410577639
Ff,12.9,63.5,18.2,9.25,7.5,7.4,-2.323202543,-3.050128875,-0.045794423
Ff,11.4,61,17,8.4,6.7,6.9,-3.77065499,-4.403855761,0.034047404
fF,16.1,69,20.1,11,9.3,9,0.44720807,0.409809363,-0.536998715
Ff,12.82,63.56,17.75,9.28,7.68,7.34,-2.568424949,-2.960906913,-0.077554273
Ff,16.7,69,20.5,11.7,9.9,9.7,0.799781817,1.759658304,-0.709956011
Ff,14.5,68,20,9.6,8.7,8,-0.167218303,-1.438404633,-0.629835246
Ff,13.7,64,17.7,10.6,9,8.6,-2.306146332,-0.328502494,-0.456398032
Ff,12.9,66,17.3,10.4,7.8,7.6,-2.337498414,-2.285019815,0.397592353
fF,12.77,63.15,18.72,9.04,7.64,7.24,-2.144012488,-3.159824312,-0.152977728
Ff,13.9,64,18.6,9.4,7.2,7.4,-1.784160511,-3.237076366,0.168277252
Ff,13.9,64,18.3,9,7.3,7,-1.942427952,-3.667104534,0.07871205
Ff,13.08,61.75,18.45,9.27,7.95,6.9,-2.471202378,-3.183730631,0.003673135
Ff,16.6,68.5,19.1,11.85,10.85,9.65,-0.054492615,2.487465048,-1.004714936
fF,17,70,19.65,11,9.55,8.7,0.606335227,0.310692903,-0.505725667
fF,16.76,63.84,18.64,10.09,9.31,8.8,-1.117806588,-0.045555397,-0.973948432
fF,13.48,62.34,17.8,9.64,8.28,7.73,-2.61106865,-2.012912822,-0.304244413
Ff,21.65,72,20.4,12.75,10.4,9.8,2.467425303,2.552134437,-0.36340811
Ff,17.9,68,19.6,11,10.2,9.6,0.423877896,1.687035194,-1.195125403
fF,17.1,68,20.1,11.2,9.7,8.9,0.498922975,0.679848831,-0.546026008
fF,16,65,18.6,10.9,9.8,8.9,-1.104531209,0.668389201,-0.761462002
Ff,12.2,64.5,18.3,9.2,8.2,7.95,-2.251386388,-1.990432275,-0.624716135
Ff,16.65,66,19.85,11,9.5,8.75,-0.10753459,0.320789736,-0.507392719
Ff,18.6,69.5,20.15,11.2,9.15,9,1.155480983,0.353223347,-0.357923493
Ff,17.69,69.33,20.49,11.24,9.21,8.93,1.088851399,0.343184762,-0.32828287
fF,12.93,63.67,17.97,9.13,7.7,7.23,-2.406148951,-3.096749052,-0.122046696
Ff,9.03,60.34,16.8,8.44,6.82,6.58,-4.556864763,-4.610813264,0.152852083
fF,13.2,67,17.35,9.7,7.45,7.3,-2.05614268,-3.053133097,0.280693673
Ff,12.76,61.83,17.55,9.74,7.86,7.95,-3.006762091,-2.093118417,-0.168864993
Ff,16.66,69.33,19.7,10.49,9.07,8.75,0.429085459,-0.161117168,-0.618385083
Ff,15.36,63.33,19.35,10.79,8.91,8.45,-1.167468107,-0.487693858,-0.239797481
fF,10.8,60,17.2,8.5,6.5,6.4,-3.990896435,-5.014810364,0.406139729
Ff,12.73,62.34,19.3,9.84,8.32,8.18,-1.996669558,-1.485373436,-0.412438074
Ff,14.27,67.7,18.9,9.33,7.7,7.33,-0.85705405,-2.940464096,-0.052659256
Ff,17.8,71,19.65,11.55,9.8,9,0.979271797,0.957469986,-0.432732777
fF,18.4,71,18.7,11,9.2,8.5,0.619642058,-0.153584502,-0.265079368
Ff,15.4,73,19.3,11.8,10.5,9.8,0.596829644,2.348858611,-0.953448904
Ff,15.9,62,19.3,9.9,8.8,8.2,-1.311440004,-1.078273981,-0.591233344
Ff,13,64,17.6,9.9,7.5,7.2,-2.524044386,-3.052841856,0.420561528
Ff,19.7,69,19.9,12.3,9.9,8.2,1.190999393,0.47775058,0.323966661
Ff,13.1,65,18.2,9.7,8.7,8.3,-1.999715174,-1.117100683,-0.709830464
fF,20,70,19.1,13,11.2,10.15,1.02393071,3.582903335,-0.720225621
Ff,14.5,63,18.3,9.8,7.5,7.6,-1.985080042,-2.693293686,0.17942772
Ff,13.4,67,18.4,9.8,7.9,7.6,-1.455023139,-2.385009997,0.009261836
Ff,16.8,68.5,20.55,10.15,8.95,8.4,0.757650182,-0.694362961,-0.602717932
fF,9.7,62,16.6,9.1,7,6.8,-4.198535391,-4.063336294,0.355719121
Ff,14.3,65,18.5,10.1,8.2,7.9,-1.558346749,-1.773472913,-0.083094779
Ff,12.7,65,16.9,10,8.9,8.6,-2.779907747,-0.582634521,-0.759645608
Ff,14.6,65,18.5,10.9,9.6,8.8,-1.487571503,0.416982768,-0.630503485
fF,11.2,61,16.8,8.9,7.5,7.4,-3.923350115,-3.15341452,-0.247504699
Ff,13.73,65.3,18.4,9.5,7.35,7.55,-1.690314756,-2.946062916,0.09328319
Ff,18.25,72,18.9,11.6,9,8.25,0.873968644,-0.373826714,0.280481557
Ff,15.6,68,19.8,11.1,8.9,8.6,-0.013220695,-0.258022497,-0.125699023
Ff,14.8,67,20,10,8.3,8.4,-0.280645638,-1.239589232,-0.412645632
Ff,11.3,61,17,8.6,7.2,7.2,-3.794246739,-3.667687016,-0.20102366
fF,20.9,71.5,20.95,13.55,9.45,9.1,2.488542874,1.375190027,0.82291695
Ff,14.5,69,19.3,9.5,8.1,8.1,-0.352306418,-1.833075762,-0.478093504
Ff,14.2,63,18,10,7.7,7.9,-2.214122729,-2.188337708,0.071981068
fF,16.1,64,18.9,10.4,9.1,9,-1.1068746,0.078606414,-0.797704819
Ff,13.7,65,18,9.4,7.8,7.5,-1.96367631,-2.677386244,-0.132847149
fF,12.3,64,18.4,9.5,7.3,7.3,-2.267140117,-3.227759849,0.229242864
fF,20.6,67,19.5,12.9,11,9.1,0.823896714,2.377973126,-0.211080648
fF,15.2,67,18.9,10.2,8.7,8.6,-0.766592595,-0.677755997,-0.559299651
Ff,14.6,67,19,10.2,8.7,8,-0.855387273,-1.261343529,-0.2840462
Ff,19.7,72,21.3,13,11,10.5,2.482188529,3.76918755,-0.795707191
Ff,20.7,73,20.9,13.5,10,9.9,2.691285341,2.562441716,0.193118506
Ff,12.8,65,18.6,10.1,8,7.9,-1.859467165,-1.927614757,0.001988163
Ff,16.6,67,18.8,10.8,8.8,8.8,-0.489063928,-0.229094794,-0.347803225
Ff,16.8,67,19.4,11.3,9.6,9,-0.125345548,0.729552682,-0.491728604
fF,17.4,68,19.3,11.9,9.8,9,0.147651711,1.06075563,-0.2310225
Ff,14.3,63,19.4,9.7,7.8,7.7,-1.451949588,-2.394326515,-0.051703776
Ff,13.6,64,18.6,10.2,8.2,8.2,-1.854935757,-1.452168963,-0.163089996
Ff,14.6,66,18.8,10.5,8.8,8.5,-1.145101481,-0.609419112,-0.383071023
Ff,15.6,65,19.5,10,8.2,7.7,-0.72409588,-1.997512274,-0.048975136
Ff,17.6,69,20.8,12,10.5,9.9,1.170374996,2.505143567,-0.884061464
fF,12.5,66,19.3,10.4,8.4,8.4,-1.376749133,-1.044477573,-0.224661073
Ff,15.1,67,19.2,10.7,9.2,8.8,-0.631916902,0.049678711,-0.575600617
fF,16.2,66,19.1,9.2,7.7,7.7,-0.609366062,-2.618948357,-0.297319843
Ff,14.9,65,19.7,10.5,8.5,8.3,-0.783726492,-1.035161055,-0.163695461
Ff,14.6,68,19.2,10,8.1,7.9,-0.565673064,-1.880054019,-0.098184815
fF,15,65,19.5,10.1,8.6,7.9,-0.865646371,-1.465189223,-0.253260662
Ff,11.5,64,18.9,8.9,7.8,8,-2.192095037,-2.338614221,-0.650382562
Ff,11.7,64,18,9.3,8.2,7.8,-2.619713863,-2.106818973,-0.498271265
Ff,15,66,19.4,10.8,9,8.9,-0.734199604,0.022311639,-0.478761742
Ff,15.7,67.5,17.95,9.85,7.35,7.35,-1.057712792,-3.037306449,0.386744617
Ff,19.9,69,20.5,12.2,10,9.3,1.554717773,1.595221793,-0.280837644
Ff,18.8,69,18.7,11.2,9.3,8.4,0.34560389,-0.114757801,-0.146482249
fF,19.8,69.5,19.25,13.05,11.55,9.6,0.963779643,3.332451418,-0.587989352
Ff,17.1,69,19.2,11.2,9.8,9,0.208323233,0.854184342,-0.634443054
Ff,17.6,68,19.7,12.1,10,9.6,0.405858463,1.857505374,-0.476095876
Ff,14.6,70,18.6,10.2,9.2,8.2,-0.513802785,-0.68145974,-0.588504705
fF,18.3,71,19.7,12,10.8,9.9,1.123608447,2.736356334,-1.011685876
Ff,16.3,71,20.5,12.2,10.3,9.7,1.073819985,2.215492914,-0.591964356
Ff,20.75,71.5,20.75,12.5,10.25,8.95,2.347643623,1.53600359,-0.053732285
Ff,19.7,70,20,12.2,10.5,9.5,1.427957788,2.175105581,-0.585296148
fF,15.5,69,19.9,11.1,10,9.5,0.200145951,1.465138945,-1.006535378
Ff,18.1,65,19,11,9.3,8.6,-0.398081233,0.020751008,-0.353496414
Ff,13.8,63,16.5,9.4,7.2,7,-3.09982693,-3.62613472,0.351779552
Ff,15.5,66,18.7,10,8.5,8,-0.985531557,-1.474505741,-0.314226274
fF,14,64,18.4,10.1,8.1,7.9,-1.86608039,-1.850543835,-0.040553308
fF,13,65,18.1,9.2,7.5,7.5,-2.076062736,-2.967619379,-0.120485751
fF,19.2,72,20.2,10.9,9.7,9.2,1.783915834,0.883112045,-0.856547256
Ff,15.4,65,19.1,10.4,8.6,8.1,-0.982302632,-1.182129494,-0.172117289
Ff,13,65,19.2,9.9,7.7,7.4,-1.495748785,-2.704170835,0.243727436
Ff,14.7,66,18.4,9.3,8.6,8.4,-1.332532988,-1.214947753,-0.943690599
fF,16.4,68,20.1,11.5,8.4,8.8,0.333780735,-0.330807195,0.225783212
fF,14.4,65,20,10.9,9,9,-0.743417794,0.149086412,-0.46700581
Ff,17,65,21.1,11.4,7.8,8.1,0.450281621,-1.503595032,0.744529555
fF,14.1,65,18.2,10.2,8,8.5,-1.763797688,-1.314517042,-0.215633779
Ff,14,67,19.3,9,7.7,7.5,-0.838670323,-2.872497902,-0.320831709
fF,13.4,66,17.7,9.7,8.2,7.9,-2.008516416,-1.891513649,-0.313620809
Ff,15.4,66,19,11.4,8.5,8,-0.850855865,-1.061363165,0.492614834
FfS,16.8,70,18.8,10.9,9.3,9.1,0.110727313,0.477563767,-0.640505797
FfS,15.86,69.33,18.95,10.74,8.47,8.4,-0.155317133,-0.890193302,-0.058492976
fFS,16.21,68.33,20.6,11.89,8.96,8.15,0.613522333,-0.416340138,0.510505093
FfS,16.21,66.33,19.2,11.94,9.76,8.95,-0.493464222,0.993099041,-0.168015521
FfS,19.2,75,20.7,14.4,9,9,2.600302646,1.181942853,1.55009696
FfS,12.3,68,17.8,10.1,7.2,7,-1.846864675,-3.419563432,0.755200106
FfS,20.5,73,21,12.4,9.3,8.6,2.696857658,0.433893585,0.453344693
fFS,18.9,67,19.9,12.9,,8,0.633860242,,
FfS,16.6,70,20,11.3,9.6,8.9,0.696613581,0.632288093,-0.445853029
fFS,17.1,70,19.8,13.2,9.2,8.9,0.709060696,0.8846979,0.819311501
FfS,20.8,73,20.4,13.9,9.3,9,2.451098021,1.265604699,1.134315009
FfS,16.1,66,20,12.6,8.4,7.7,-0.158155487,-1.076105644,1.364361122
FfS,13.7,65,19,10.4,8,8.1,-1.436118172,-1.644555028,0.083131536
FfS,20.2,72,20.6,12.7,11.3,9.9,2.230856576,3.328282234,-0.820972677
FfS,19.1,68,20.3,12.9,9.5,9,1.076269575,1.124644704,0.47291699
FfS,15,68,19.7,10.1,8.5,8.4,-0.207527001,-1.055937203,-0.440097066
FfS,17,69,20.8,12.1,8.9,8.7,1.028824504,0.134343932,0.404740479
FfS,18.5,67,19.7,12.2,9.4,9.1,0.43398162,0.938267082,0.066162332
fortis,15.84,67.13,19.55,10.3,8.95,8.32,-0.248746278,-0.727909356,-0.47957021
fortis,16,67,17.7,10.4,9.3,8.6,-1.210928371,-0.156310096,-0.699285461
fortis,19.25,72.38,19.38,12.1,10.85,10.13,1.433111017,3.028110533,-1.080838927
fortis,16.1,68,19.1,11.3,10,8.2,-0.264552648,0.259719662,-0.294889887
fortis,18.6,67.5,19.95,11.15,9.5,8.9,0.681564194,0.510951895,-0.48975882
fortis,17.27,71.12,19.6,11.79,10.33,9.59,0.849961932,2.010631388,-0.790552847
fortis,15.78,66.62,19.1,11.04,9.93,8.94,-0.594245806,0.848801494,-0.754432033
fortis,17.62,68.78,19.1,10.64,9.66,8.76,0.237719944,0.347593008,-0.787520057
fortis,17.45,69.35,19.89,11.02,10.17,9.67,0.719380371,1.737901167,-1.202949563
fortis,15.15,66,18.3,10.4,8.7,8.4,-1.279125933,-0.813264806,-0.352285485
fortis,17.97,68,18.93,11.17,9.6,8.83,0.086928167,0.525839642,-0.488661087
fortis,15.7,67.67,18.7,10.87,8.73,8.17,-0.63072975,-0.875154218,0.011333982
fortis,18.17,68,18.37,10.87,9.7,9.03,-0.161320892,0.708909189,-0.795848231
fortis,18.53,70.3,19.67,11,9.7,8.73,1.033100918,0.455478663,-0.583300545
fortis,19.8,69.25,19.25,11.42,10.27,10,0.917728998,2.253985967,-1.1663544
fortis,15.7,69,18.9,10.9,9.8,9,-0.280228689,0.76565379,-0.807337577
fortis,18.4,70,19.7,11.8,10.3,9.4,0.962997615,1.805658412,-0.684863662
fortis,17.77,70.06,19.2,12.73,10.88,9.79,0.561642684,2.906446368,-0.574545914
fortis,16.2,67,19.1,11.5,9.9,8.7,-0.425163481,0.727992051,-0.366463276
fortis,17.2,69,20.3,11.9,9.8,9,0.812228933,1.06075563,-0.2310225
fortis,17.2,68.5,19.15,11.4,9.8,8.6,0.113435784,0.524146356,-0.335677738
fortis,18,68,19.5,11.8,10.5,9.7,0.39471383,2.251594022,-0.907573329
fortis,14,66,17.9,10,8.6,8.2,-1.761454297,-1.202905642,-0.448518895
fortis,19.4,69,18.7,11.3,9.6,8.8,0.487154382,0.535023504,-0.399977454
fortis,12.43,66,18.97,9.8,7.65,7.07,-1.567357543,-3.093189622,0.358756061
fortis,18.8,71,19.2,11.8,9.9,8.5,0.977788121,0.621993426,-0.101817603
fortis,17.96,69.11,19.16,11.1,8.89,8.23,0.410372229,-0.625608566,0.048294752
fortis,14.62,65.81,19.05,10.74,8.03,7.86,-1.043492087,-1.754534138,0.376417601
fortis,16.05,68.34,19.41,11.51,9.45,8.3,-0.050176623,-0.004934435,0.014238794
fortis,16.3,69,19,10.4,8.9,8.2,-0.085922384,-0.853652139,-0.345617277
fortis,13.85,64.5,18.5,9.8,8.55,8.05,-1.756610909,-1.446358354,-0.473697812
fortis,16.2,65.5,18.95,11.1,8.9,8.5,-0.780601073,-0.355287085,-0.079823448
fortis,16.3,70,19,10.8,10.3,8.9,0.098280197,1.024233629,-1.031800864
fortis,18.98,71.15,19.62,11.28,10.12,9.41,1.269458074,1.523204254,-0.912560412
fortis,18.03,68.25,18.8,12.32,10.62,9.5,0.078551304,2.303002909,-0.567188104
fortis,13.9,66.5,18.6,10.55,9.2,8.85,-1.323654059,0.054045729,-0.684985666
fortis,17.59,67.84,19.79,11.55,10.05,9.15,0.421507108,1.296044175,-0.607899816
fortis,14.9,65.15,18.17,10.18,8.4,8.08,-1.563260056,-1.420646661,-0.204648549
fortis,15.28,65.06,18.58,11.86,10.43,9.64,-1.273890807,2.156991734,-0.81569005
fortis,17.5,68.7,18.9,11.2,9.87,8.7,0.089162011,0.616340222,-0.526595358
fortis,16.85,71,19.3,10.7,9.2,8.57,0.570504837,-0.174029842,-0.470086794
fortis,16.3,65,18.5,11.4,10.15,8.8,-1.086511777,0.988423761,-0.576324036
fortis,19.9,67,20,11,10,8.8,0.922533542,0.754776642,-0.743037861
fortis,16.1,66,18.5,11,9.2,8.5,-0.949492693,-0.153584502,-0.265079368
fortis,17.1,70,19.95,10.9,9.5,8.5,0.788194417,0.04811808,-0.450335289
fortis,16.23,69.56,19.14,10.98,9.08,8.49,0.074574977,-0.261698105,-0.220968347
fortis,18,68,20.5,11.1,10.5,9.3,0.922271968,1.65596438,-1.127491583
fortis,14.14,67.67,19.49,11.02,9.61,8.91,-0.5819901,0.567093129,-0.616062955
fortis,15.35,69,18.25,10.7,9.2,8.65,-0.705712599,-0.096218172,-0.506787254
fortis,18.58,70,20.05,11.82,9.9,9.67,1.19010811,1.765891149,-0.62703553
fortis,18.34,71.6,20,12.07,9,8.8,1.401834136,0.299826388,0.29903398
fortis,16,71,18,10.9,8.9,8.4,-0.315850605,-0.511572042,-0.149210888
fortis,18.84,67.35,19.14,10.9,10,8.95,0.283231912,0.87116334,-0.869482731
fortis,17.1,67,19.8,10.4,8.9,8.4,0.156452953,-0.659122962,-0.437368427
fortis,15.75,69.5,19.6,11.2,9.4,9.65,0.192959172,1.178120479,-0.762468408
fortis,15.15,64.83,17.82,10.35,8.62,8.14,-1.747870858,-1.142564566,-0.227791567
fortis,19.83,68.67,18.97,11.13,10,9.37,0.670252747,1.347548035,-0.929607678
fortis,15.9,66,18.9,9.4,8.7,8.5,-0.785652935,-1.011102058,-0.974476137
fortis,14.45,65.5,19,10,8.35,8.45,-1.167078767,-1.152421476,-0.456854155
fortis,17.4,67,19.1,11.3,9.1,8.9,-0.142062497,0.246933482,-0.233145675
fortis,18.3,67,20.7,11.3,10.1,9.1,0.91435626,1.212171882,-0.750311534
fortis,13.84,69.36,19.28,8.86,7.39,7.42,-0.452250192,-3.23054369,-0.2329368
fortis,15.1,64,16.9,10.3,8.1,8.1,-2.397908362,-1.59699429,-0.017041442
fortis,18.02,68.31,17.52,11,8.93,8.36,-0.588030132,-0.497846416,-0.085991592
fortis,15.17,68,19.23,10.03,9.07,8.47,-0.415373353,-0.569204863,-0.755038408
fortis,14.4,66,17.1,10.2,8.9,8.5,-2.089133812,-0.620878741,-0.598507017
fortis,18.91,68.67,19.7,11.4,10.17,9.33,0.8383261,1.519340265,-0.827972878
fortis,16.6,66,18.6,10.5,9.5,8.8,-0.778778136,0.22187111,-0.818488045
fortis,14.97,65.5,18.7,10.67,8.77,7.9,-1.202669116,-1.165960607,0.002918431
fortis,16.33,69.3,19.07,10.67,9.47,8.57,0.013344985,0.025208593,-0.602238218
fortis,18.5,69.5,19.9,12.3,9.85,8.9,0.9999997,1.120067239,0.024108371
fortis,17.7,68,18.4,11.4,9.7,9.2,-0.256375367,1.030662965,-0.568389717
fortis,14.1,68,18,9.2,7.9,7.9,-1.316701572,-2.270277336,-0.474153935
fortis,17.6,68,19,11,9.9,8.4,0.036567767,0.288647365,-0.516994089
fortis,19.1,68.67,19.05,11.8,10.32,9.18,0.540237633,1.607090501,-0.592445691
fortis,14.9,67,18,10.1,8.8,9.1,-1.312170164,-0.143872316,-0.888850505
fortis,17,65,18.2,10.7,9.2,8.1,-1.079636978,-0.631173409,-0.254471591
fortis,15.85,66.16,19.63,9.68,7.96,7.91,-0.382858956,-2.07265944,-0.227635138
fortis,15.5,67.62,19.26,10.76,8.91,8.87,-0.391690819,-0.088035641,-0.449764349
fortis,14.85,65.06,17.61,10.35,8.98,8.86,-1.88706672,-0.164804209,-0.711245003
fortis,18.93,71.06,19.45,11.53,11.38,9.89,1.151399084,3.034943359,-1.524706936
fortis,15.8,65,19,11,9.3,8.3,-0.940691451,-0.271042757,-0.215869689
fortis,15.75,68,18.85,10.9,8.95,8.65,-0.479013303,-0.229875109,-0.285170562
fortis,16.3,67,18.5,11.2,9.6,8.8,-0.718106615,0.50551332,-0.457608962
fortis,16.91,67.77,20.03,10.72,9.17,8.9,0.37480299,0.12972406,-0.597187449
fortis,15.23,68.65,19.1,11.1,8.92,8.16,-0.350069184,-0.670572502,0.067645213
fortis,16.31,66.3,19.43,11.67,9.42,9.03,-0.354060179,0.729192079,-0.215680051
fortis,16.76,69.33,20,11.29,9.71,8.75,0.610944649,0.568218206,-0.429598435
fortis,16.6,69,18.7,10.7,9.6,9.2,-0.173414579,0.747020755,-0.9292688
fortis,14.33,66.34,17,11.14,9.72,8.98,-2.095774973,0.755368576,-0.625813666
fortis,16.8,66,19.6,10.7,9.85,9.05,-0.204036501,0.793801177,-0.966809115
fortis,15.33,66.34,18.8,11.84,10.52,9.58,-0.910252839,2.162094774,-0.83797833
fortis,15.1,66,18.2,10.2,9.4,8.4,-1.343677621,-0.332788719,-0.765338797
fortis,17.11,67.84,19.46,11.29,9.78,8.95,0.134172529,0.816697029,-0.551128615
fortis,14.2,67,20.1,10.5,8.1,7.9,-0.369440316,-1.732503099,0.189972723
fortis,15.86,66.97,19.6,10.76,8.93,8.14,-0.247122435,-0.782652953,-0.123380945
fortis,18.4,69,19.1,11.7,11.1,9.8,0.462260151,2.78177396,-1.266329237
fortis,17.33,68.34,20,11.84,10.52,9.58,0.563057061,2.162094774,-0.83797833
fortis,18,65,19,10.9,9.2,8.4,-0.421672981,-0.280359275,-0.276835301
fortis,17.96,68.23,19.36,11.33,10.29,9.15,0.353785585,1.416091983,-0.836788663
fortis,16.8,70,19.2,11.9,10.17,9.5,0.321750568,1.832240985,-0.617803817
fortis,17.39,70.15,19.75,10.25,10.2,9.21,0.778729247,1.086376919,-1.448446968
fortis,16.53,68.34,18.6,11.14,9.92,9.28,-0.364258321,1.201304186,-0.848523333
fortis,16.11,68.83,19.15,11.34,9.07,8.6,-0.082927424,-0.056177487,-0.059703905
fortis,15.73,66.34,20.2,12.44,9.72,8.88,-0.077304451,1.04173638,0.169271509
fortis,16.53,69.34,19.7,10.54,9.12,8.58,0.400258212,-0.273176416,-0.532851587
fortis,14.2,65,18.2,10.5,9.8,8.5,-1.740205939,0.161290111,-0.808485732
fortis,16.6,65,18.3,11.2,9.5,8.4,-1.121248159,0.039384044,-0.231565191
fortis,18.15,65.5,19.1,11.6,9.65,9.1,-0.241428254,0.953883283,-0.385980392
fortis,18.9,69,19.6,11.5,9.6,9,0.843997963,0.78857305,-0.376465589
fortis,17.46,70.33,19.8,9.94,8.96,8.35,0.854777843,-0.797259549,-0.705060457
fortis,17.5,66.5,18.5,10.7,8.9,8.55,-0.527106922,-0.424695527,-0.333287266
fortis,15.5,66,20.4,11.5,9.5,8.8,-0.088682723,0.51697295,-0.242172968
fortis,15.9,67,19.1,11.3,9.7,8.9,-0.495938727,0.709359015,-0.4883945
fortis,17.5,67,19.83,11.2,9.96,8.93,0.266646692,0.909412606,-0.670396504
fortis,16.5,65.5,19.7,11.25,9.15,8.55,-0.314157224,-0.069712209,-0.122667651
fortis,18,70,18.9,11.5,10.9,9.7,0.44658411,2.471347159,-1.250633736
fortis,16.5,66.5,20.45,11.65,9.65,9.15,0.26571396,1.01727067,-0.380102425
fortis,14.73,67.34,19.3,11.04,9.02,8.98,-0.603821681,0.186361936,-0.385654878
fortis,15.3,68,19,10.4,9.6,8.8,-0.506042451,0.269431848,-0.918661023
fortis,17.08,68.98,19.15,12,9.52,9.11,0.173542924,0.981458279,-0.104738006
fortis,17.4,68,20,12,9.1,8.6,0.516942408,0.161711004,0.307901604
fortis,16.95,67,18.75,10.9,9.25,8.75,-0.432870714,0.098602246,-0.458670549
fortis,13.91,66.33,17.95,11.04,9.06,8.45,-1.695522112,-0.298312014,-0.159530919
fortis,19.05,67.5,19.75,10.4,9.35,8.55,0.682215435,-0.166406929,-0.697618408
fortis,18.2,67,20.4,11.5,10,9.6,0.732497071,1.68044427,-0.821884923
fortis,18,71,20,11,9.8,8.9,1.211100642,0.697899386,-0.703830494
fortis,15.63,63.34,19,10.04,8.92,8.18,-1.286573708,-0.963927535,-0.552423884
fortis,17.1,68,20,11.2,9.7,9.2,0.446167162,0.971642597,-0.683652733
fortis,17.2,68,18.9,11.9,10,9.5,-0.110555041,1.701220418,-0.545483317
fortis,20.9,68,19.9,10.9,8.8,8.6,1.289897796,-0.394113787,-0.198420568
fortis,15.7,67,20,10.3,8.5,8.2,-0.0683199,-1.191446012,-0.233082901
fortis,16.56,68.83,19.2,10.19,8.81,8.55,0.049613351,-0.644561296,-0.588920632
fortis,15,65,18.6,10.6,9.1,8.5,-1.340448695,-0.348696161,-0.453063928
fortis,16.17,66.67,18.77,10.77,9.47,8.4,-0.667122043,-0.110631024,-0.466618232
fortis,14.5,68,19.9,12,10,9.6,-0.219974116,1.82799519,-0.533727384
fortis,18.6,70,19.1,11.6,10.2,9.4,0.693646229,1.669567121,-0.757585207
fortis,18.9,69,18.9,11.1,10,9.1,0.474707266,1.076080591,-0.823033078
fortis,18.31,68.33,19.45,11.39,9.86,9.1,0.502257196,1.053760834,-0.596343647
fortis,15.3,67,18.9,12,9,8.1,-0.743000846,-0.401682861,0.579820951
fortis,15.5,67.7,19.03,10.37,8.8,8.37,-0.498292984,-0.774226316,-0.398353736
fortis,18.03,69.67,19.37,11.67,9.73,9.17,0.640827107,1.104282362,-0.411784415
fortis,16.1,69,19.3,11.6,8.9,8.8,0.02516156,0.084057601,0.070707365
fortis,14.4,68,19.5,10.7,8.9,8.6,-0.45458912,-0.376063233,-0.356225054
fortis,15.5,65.33,19.17,10.33,8.9,8.77,-0.860994962,-0.319901113,-0.64745011
fortis,17.7,64,18.9,11.05,10.15,9.15,-0.729406622,1.225564177,-0.938598826
fortis,16.4,69,18.7,10.7,9.7,8.7,-0.220598077,0.337768734,-0.742432396
fortis,16,68,19.2,11,10,9,-0.235388583,0.949305819,-0.834789011
fortis,17.8,67,19.3,11.8,9.8,9,0.057816125,1.031245446,-0.288654007
fortis,15.7,67,19.1,10.7,9.6,8.7,-0.543122224,0.260697812,-0.699890925
fortis,17.51,70.84,19.44,10.84,8.66,8.65,0.770596104,-0.471086894,-0.196379201
fortis,15.46,66.84,18.4,10.09,8.56,8,-0.99850553,-1.401704022,-0.2878828
fortis,16.41,64.84,18.64,11.94,9.57,8.75,-1.016175127,0.652135111,0.004564424
fortis,14.19,66.66,18.4,9.9,8.87,8.16,-1.331277202,-1.063230171,-0.602662144
fortis,15.11,65.33,18.95,10.04,9.01,8.4,-1.069065572,-0.68058161,-0.691637473
fortis,16.16,67.33,19.74,11.34,9.81,9.2,-0.03617612,1.097734869,-0.64976424
fortis,17.7,69,19.4,11.4,10.3,9.9,0.455385352,2.173940618,-1.144767568
fortis,18.75,70.5,18.85,10.75,9.2,9,0.689245608,0.25896298,-0.638536013
fortis,13.8,65,19.6,10.9,8.8,8.3,-1.095991541,-0.685907553,-0.060793842
fortis,21.2,69,19.8,11.7,9.6,8.8,1.492119809,0.653064241,-0.169451423
fortis,14.66,66.33,18.69,10.09,8.77,7.8,-1.128190975,-1.434384263,-0.285468738
fortis,15.12,65.66,18.74,10.35,8.87,8.23,-1.116706754,-0.862349131,-0.375433262
fortis,16.6,69,17.7,9.7,9.1,8.7,-0.700972717,-0.41975864,-1.063498648
fortis,17.2,71,18.3,11.6,10.4,9.5,0.125517819,1.920973555,-0.888543723
fortis,16.8,68,17.5,9.9,9.4,8.8,-0.943503428,-0.032260916,-1.12173562
fortis,15.8,68,18.3,10.7,9.2,8.6,-0.757374404,-0.144850466,-0.483849467
fortis,14.63,65.34,19.1,9.84,8.72,8.38,-1.101330219,-0.98256057,-0.674355107
fortis,16.35,66.5,19.2,11.8,9.8,8.65,-0.429121335,0.690819386,-0.128089495
fortis,15.6,69,17.9,10.9,8.4,8.3,-0.831378576,-0.994191242,0.109372041
fortis,15.65,70.5,19.5,11,9.45,8.55,0.30081419,0.087725098,-0.394370833
fortis,16,69,19.5,10.1,9.3,8.8,0.107081439,-0.050311471,-0.963931134
fortis,14.7,67,18,10,8.6,8.6,-1.359353662,-0.813847288,-0.632021195
fortis,16.8,68,19,11,9,8.5,-0.152166222,-0.307726347,-0.179996427
fortis,18.73,67.3,19.03,11.87,10.33,9.37,0.190039464,1.820257441,-0.643521375
fortis,16.8,66,18.4,11.3,9.2,9,-0.837106267,0.421268992,-0.321562721
fortis,15.6,65,18.5,11.2,9.9,9,-1.251654017,0.931255264,-0.676984524
fortis,18.05,67.5,18.2,10.2,8.45,8.25,-0.371417165,-1.210859363,-0.292381461
fortis,18.41,69.33,19.2,11.19,9.81,8.95,0.578161991,0.810308122,-0.621522564
fortis,16.4,69,19.5,11.8,9.5,8.7,0.201448434,0.508238914,-0.02340287
fortis,17.26,66.84,19.1,11.29,9.56,8.45,-0.204563358,0.160818057,-0.228159504
fortis,17.13,66.34,18.8,11.84,10.02,8.98,-0.485601363,1.193152631,-0.350017525
fortis,16.8,68,19.1,11,9.8,8.8,-0.099410408,0.600634797,-0.657954919
fortis,15.1,61,17.4,9.8,8.5,7.1,-2.686737036,-2.408907406,-0.016609114
fortis,14.45,66,17.5,9.7,8.1,7.5,-1.866314683,-2.357642925,-0.087577038
fortis,12.5,63,16.77,8.83,7.32,7.5,-3.264078965,-3.21553472,-0.257147682
fortis,17.7,68,18.9,11.7,9.8,9.3,0.007403702,1.293529028,-0.48391224
fortis,19.2,70,19.2,12.3,10.7,10,0.887952535,2.845080552,-0.842125457
fortis,15.1,71,18.8,11.4,9.7,8.9,-0.106129833,0.738869199,-0.430762992
fortis,16.41,68.33,19,11.94,10.01,9.1,-0.18338719,1.331673229,-0.343182561
fortis,17,68.65,19.1,10.5,9.63,8.56,0.067504767,0.088628296,-0.763690577
fortis,17.51,69.84,19.5,11.29,8.71,8.15,0.618047011,-0.786078548,0.271069724
fortis,13.73,62.34,17.9,11.04,8.02,9.58,-2.499333465,-0.000759755,-0.23549362
fortis,17,68,18.8,11.2,9.8,8.7,-0.210494352,0.562390576,-0.496816328
fortis,14.46,62.33,17.99,9.64,8.71,8.05,-2.281475493,-1.370261173,-0.633974578
fortis,14,63,18.6,9.3,8.2,7.8,-1.944771343,-2.106818973,-0.498271265
fortis,17.39,66.65,20.05,11,10.52,10.06,0.292287655,2.381079253,-1.542285755
fortis,20.16,67.83,20.95,11.29,10.37,9.75,1.637940461,2.049532179,-1.169127894
fortis,16.67,66.75,17.97,10.37,9.17,8.8,-0.956473603,-0.070826173,-0.753022151
fortis,16.6,68,20.1,12,10.4,9.4,0.380964232,1.941749702,-0.612142117
fortis,16.6,70,19.3,11.1,9.5,8.8,0.327322884,0.398932214,-0.472698999
fortis,15.14,65.15,18.1,10.35,9.11,8.26,-1.543568929,-0.648199541,-0.491295464
fortis,15.51,68.33,18.45,11.54,9.61,8.9,-0.685869903,0.710819627,-0.311791558
fortis,16.29,67.09,20.05,12.01,9.86,9.24,0.113827556,1.372894399,-0.303254104
fortis,14.6,67,20.1,10.3,9,8.5,-0.275073321,-0.514297635,-0.583416981
fortis,15.3,65,19.2,10.8,9.2,8.5,-0.953138567,-0.21260487,-0.380342384
fortis,14.36,67.33,18.3,9.89,8.36,8.05,-1.220511314,-1.566233941,-0.341000661
fortis,16.51,65.84,19.15,11.49,10.11,9.05,-0.539326147,1.227316029,-0.622128028
fortis,15.45,63.5,18.95,10,8.25,8.45,-1.32594435,-1.229492398,-0.414312685
fortis,15.44,65.66,19.2,11.55,9.43,8.76,-0.798536415,0.438872561,-0.165227954
fortis,15.91,66.94,19.25,11.14,8.71,8.4,-0.425497986,-0.587182352,0.069933525
fortis,18.9,70,19.6,11.7,9.9,8.84,1.028200544,0.923182843,-0.315426066
fortis,17.7,68,19,10.6,9.2,8.3,0.060159516,-0.466154416,-0.403854249
fortis,14.6,67,17.9,10.2,9.2,8.3,-1.435701224,-0.584195152,-0.63438028
fortis,14.33,66.34,18,9.24,8.42,7.08,-1.568216835,-2.655274092,-0.296137265
fortis,16.3,65.5,19,10.9,9.3,8.35,-0.730631418,-0.251920647,-0.296438984
fortis,17.5,70.5,19.25,11.3,10,8.95,0.605372005,0.989204076,-0.6389567
fortis,17.35,68,18.2,10,8.7,8.65,-0.444458115,-0.688144071,-0.697500454
fortis,18.71,66.83,19.39,10.94,9.87,8.75,0.288666831,0.588246038,-0.699375066
fortis,14.83,65.34,19.8,10.94,9.42,8.48,-0.684856025,-0.021187501,-0.384074394
fortis,16.53,65.7,18.3,10.57,9.07,9,-1.008820576,0.10565245,-0.686968815
fortis,13.3,66,17.95,9.4,7.95,7.8,-1.90021863,-2.269986095,-0.33428608
fortis,17.43,65.34,19.1,12.84,10.72,9.38,-0.440761257,2.416809282,-0.254995045
fortis,15.83,66.34,19.1,11.84,9.72,8.88,-0.634026654,0.864675276,-0.176517538
fortis,15.3,67,18.06,10.1,8.9,8.72,-1.186149682,-0.436406831,-0.75706479
fortis,19.6,66,19,11.2,10.1,9,0.139997577,1.085397109,-0.762067466
fortis,14.3,66,18.8,9.5,8.7,8.2,-1.215876727,-1.27338564,-0.779217904
fortis,15.36,65.33,18.8,11.04,9.67,8.7,-1.089219921,0.414982083,-0.533722829
fortis,16.62,66.84,19.25,11.49,9.81,9,-0.276416829,0.947470968,-0.471565828
fortis,14,62,17.3,9.5,8.1,7.9,-2.814799503,-2.027604939,-0.386342354
fortis,18.3,67,19,11.9,10.6,9.1,0.017507426,1.774587597,-0.617229842
fortis,18.03,69.34,20.4,10.24,8.82,8.58,1.123425137,-0.592919735,-0.578121698
fortis,16.5,71,19.05,10.8,7.8,7.9,0.356044182,-1.875185314,0.490491659
fortis,15.76,65.33,19.4,10.99,8.96,8.65,-0.678318044,-0.195608851,-0.237556352
fortis,15.53,67,19.07,10.1,9.03,8.57,-0.599054941,-0.482111514,-0.74355534
fortis,19.6,70.2,19.36,10.52,8.98,8.44,1.103569347,-0.523148168,-0.420594024
fortis,16.7,67,19.6,10.4,9.4,8.4,-0.043425669,-0.27376835,-0.650075781
fortis,14.7,65,18.8,10.8,9,8.7,-1.305712314,-0.172217538,-0.387010592
fortis,15.7,67,18.15,11.15,8.8,8.85,-1.044302455,-0.077176855,-0.169030736
fortis,15,64.5,18.45,9.85,8.7,8.3,-1.511683706,-1.072835407,-0.623383202
fortis,16.21,66.33,19.09,10.64,8.76,7.85,-0.551495617,-1.231153048,0.012820914
fortis,15.7,64,18.1,10.3,9.3,8.5,-1.623288105,-0.283084868,-0.711041393
fortis,16.25,62.5,18,9.1,8.4,8,-1.822593173,-1.81716832,-0.790368372
fortis,16.6,65,19.3,11.7,10.1,9.1,-0.593690021,1.330212618,-0.519785503
fortis,15.06,69.83,19.74,11.34,9.21,9.05,0.164821097,0.489412453,-0.325702052
fortis,13.03,65.34,18,9.94,8.62,8.28,-2.059112148,-1.127385897,-0.528306554
fortis,15.71,67.84,19,10.39,9.21,8.75,-0.438788695,-0.082728061,-0.73557465
fortis,15.5,65.5,18.95,9.95,7.9,7.4,-0.945743313,-2.535273898,0.187460248
fortis,16.95,67.5,19.12,12.17,9.92,9.27,-0.145572913,1.495532623,-0.250331247
fortis,11.8,62,16.9,9.2,7.3,7.1,-3.544841228,-3.510819578,0.148099491
fortis,11.93,58.84,17.55,9.34,7.92,7.28,-3.753339322,-2.816589343,-0.117549553
fortis,17.8,66.5,18.75,10.95,8.35,8.25,-0.324442142,-1.066603905,0.182396318
fortis,17.3,70,19.35,11.15,9.3,8.3,0.518843031,-0.226777481,-0.129422428
fortis,18.5,69,19.7,11.7,10,9.4,0.802386782,1.544935461,-0.614870757
fortis,15.64,68.15,19.55,11.8,8.88,8.16,-0.108043143,-0.494829582,0.488082355
fortis,18.8,69,19.6,12.3,10.2,9.1,0.820406214,1.584344644,-0.216537927
fortis,14.59,66.65,19.55,10.95,8.77,8.16,-0.632060375,-0.830444161,0.045010158
fortis,15.9,69.25,18.95,11.45,10.12,9.23,-0.16061664,1.398295307,-0.732010814
fortis,16.16,63.83,18.94,10.04,8.87,8.2,-1.102931664,-0.983010078,-0.540328263
fortis,18.43,69.34,20.2,11.84,10.12,9.58,1.112280504,1.853811085,-0.667812446
fortis,16.04,68.65,19.1,10.7,8.97,8.16,-0.15897602,-0.750077777,-0.184151553
fortis,16,66,17.5,10.5,9.1,8.5,-1.500642579,-0.378206345,-0.510695436
fortis,16.57,63.3,18.97,10.47,8.97,8.77,-1.088006119,-0.22463721,-0.596545029
fortis,19.1,67,18.9,11.1,10.3,9.1,0.153485602,1.307293358,-0.950657491
fortis,18.85,67,19.1,10.9,9.6,9,0.200017858,0.611511945,-0.722254635
fortis,15.2,63,18.1,10,8.6,8.4,-1.925449429,-1.008376465,-0.540270045
fortis,17.2,72,19.3,11.8,9.4,8.9,0.837278538,0.625697169,-0.072612549
fortis,15.9,70,18.8,11.3,8,8,-0.101598425,-1.47622796,0.64769068
fortis,16.46,66.33,19.8,11.34,9.87,8.8,-0.117949967,0.754919068,-0.491786822
fortis,13.73,67.34,20.4,11.04,9.12,8.48,-0.259425215,-0.222890084,-0.198818474
fortis,17.2,69,19,10.5,9.5,8.9,0.126403354,0.319135699,-0.86436362
fortis,14.36,65.33,18.5,10.19,7.97,7.95,-1.483404848,-1.875544574,0.043681174
fortis,15.2,65.5,18.45,10.9,9.35,8.8,-1.280297628,0.224305463,-0.524149808
fortis,14.73,66.34,18.3,10.94,9.82,8.88,-1.315582399,0.676154542,-0.737742578
fortis,15.7,68.3,19.77,11.7,9.87,9.07,0.049805084,1.12377012,-0.408177447
fortis,15.8,67,18.9,11.1,9.8,9.4,-0.625042103,1.213732512,-0.875576862
fortis,18.85,69,19.5,10.9,8.9,8.45,0.779446275,-0.462939747,-0.172148676
fortis,17.37,68.67,18.93,10.83,9.1,8.73,0.068793405,-0.057114184,-0.426025283
fortis,18.75,67.5,19.35,11.15,9.6,8.65,0.400416934,0.344861346,-0.417611353
fortis,16.86,70.33,20.15,11.64,10.51,9.25,0.897872699,1.774394171,-0.797597801
fortis,17.5,70,20.2,10.8,9.5,8.9,1.014450946,0.407666251,-0.691469097
fortis,17.03,64.33,19.03,10.63,9.27,8.63,-0.758101928,-0.082378573,-0.567733224
fortis,17.9,66,20,10.6,9.3,9.1,0.266495989,0.389033215,-0.81340032
fortis,13.96,64.33,18.95,9.99,8.36,8.2,-1.524573262,-1.390826874,-0.352182516
fortis,13.96,64.83,18.85,10.59,8.86,8.15,-1.485227785,-0.877043452,-0.196163036
fortis,16,68,19.9,9.7,8.8,8.1,0.133902113,-1.234558938,-0.660620785
fortis,16.15,69.5,20.05,11.15,9.3,8.45,0.524727328,-0.080880598,-0.19823579
fortis,13.93,66.34,18,10.94,8.82,8.18,-1.662583829,-0.775406801,0.008801157
fortis,16.01,66.83,18.74,11.29,8.91,8.2,-0.691223172,-0.583304409,0.163048995
fortis,14.5,66,18.9,11.3,9.9,8.9,-1.115937416,0.86350086,-0.573477442
fortis,15.2,66,18.3,10.9,9.2,8.5,-1.267330058,-0.183094686,-0.322710876
fortis,16.19,67.33,19.79,11.14,9.21,8.83,-0.002720689,0.21640999,-0.340038802
fortis,14.5,65,17.95,9.45,8.65,8.1,-1.801320228,-1.423940781,-0.740887348
fortis,14.73,66.34,18.9,10.74,9.02,8.48,-0.999047517,-0.388491559,-0.329171526
fortis,18.6,71,19.55,11.6,10.35,9.65,1.115249972,2.028334976,-0.93608635
fortis,16.93,70,19.63,11.1,9.77,9.07,0.57926984,0.869638093,-0.711425023
fortis,14.6,63,18.6,10.8,9.45,8.8,-1.803220852,0.271866201,-0.624322786
fortis,16.45,69,18.3,10.75,9,8.65,-0.419825457,-0.235604924,-0.392888558
fortis,15,66.5,17.3,9.45,8.25,8.3,-1.749970403,-1.537695293,-0.662472614
fortis,16.7,66,20,10.9,9.2,8.7,-0.016604995,0.011434491,-0.414462026
fortis,14.8,64,19,11,9.7,9,-1.360811518,0.718093052,-0.707164598
fortis,17.9,67,19.25,11.8,10.35,9.4,0.055029966,1.844193873,-0.706134397
fortis,19,71,20.5,11.9,9.6,9.2,1.710797197,1.101142963,-0.237690708
fortis,14.9,63,18,10.4,9.5,8.7,-2.048980488,0.095096337,-0.830243977
fortis,16.91,70.83,18.95,11.79,8.71,8.6,0.368700099,-0.200836979,0.352787175
fortis,15.8,66.67,19.53,11.6,9.8,9.03,-0.353467328,1.001404455,-0.417679695
fortis,15.46,69.84,19.09,10.24,8.96,8.45,-0.081882672,-0.611464409,-0.578041509
fortis,18,66,19.1,10.9,9.5,9.1,-0.184714587,0.631705612,-0.725588739
fortis,19.7,68,18.8,12.8,11.2,10,0.426482861,3.377986084,-0.766675273
fortis,16.83,68.34,18.6,11.84,9.92,9.18,-0.293483075,1.310610886,-0.399227204
fortis,15.22,65.33,19,11.04,8.91,8.65,-1.016736741,-0.219389221,-0.187469862
fortis,17.19,71.33,20.29,11.14,9.91,9.13,1.23378619,1.047700211,-0.775455824
fortis,15.13,64.34,19.8,10.84,9.62,8.88,-0.79828336,0.492502513,-0.710291144
fortis,15.7,64,18.4,10,8.4,8.3,-1.465020663,-1.259782898,-0.409311528
fortis,16.81,67.83,19.79,12.29,10.06,9.35,0.235649443,1.716655806,-0.277431957
fortis,12.5,62,17.9,9.5,7.5,7.35,-2.85214085,-3.02498571,0.121222134
fortis,17.05,67.5,19.95,11.7,10.5,9,0.31589209,1.541231718,-0.644075811
fortis,14.1,68,18.5,10,8.5,8.4,-1.052922503,-1.085447387,-0.497728574
fortis,19.65,68.5,20.15,11,9.25,9.05,1.218991763,0.419906196,-0.538665767
fortis,15,66,18.4,10.1,8.7,8.3,-1.261757742,-0.999059947,-0.479304433
fortis,13.55,63.25,19.17,10.75,7.77,7.15,-1.704175429,-2.642546096,0.818505159
fortis,13.13,62.34,17.1,9.04,7.42,6.98,-3.062930466,-3.582268272,0.059890003
fortis,15.8,69,19,10.9,9.5,9,-0.203881127,0.534441023,-0.679713164
fortis,15.3,67,18.5,11,10,9.4,-0.954024101,1.338364173,-1.018291311
fortis,15.43,67,19.1,10.57,8.7,8.3,-0.606819945,-0.860362082,-0.208436347
fortis,16.3,69,19,11.3,8.6,8.3,-0.085922384,-0.722008661,0.25481513
fortis,16.63,66.34,19.5,11.04,9.22,8.88,-0.23426941,0.243239192,-0.424862245
fortis,13.91,63.83,18.1,10.89,9.11,8.85,-2.076894844,0.085016525,-0.450751216
fortis,16.4,66,18.5,10.75,9.35,8.7,-0.878717447,0.082775598,-0.564721494
fortis,20.1,68,20.5,11.8,8.9,8.7,1.417698689,0.04581338,0.231845956
fortis,15.21,63.83,18.09,9.94,8.11,8.05,-1.775477693,-1.744156154,-0.20583123
fortis,14.7,65,19,10,8.4,8.3,-1.200200686,-1.259782898,-0.409311528
fortis,18.6,68,18.4,11.1,9.4,8.7,-0.044049629,0.224596703,-0.384281953
fortis,15.7,67,19.05,10.85,9.55,8.75,-0.569500131,0.315059921,-0.615110716
fortis,13.8,61,18.4,10.4,8.4,7.3,-2.46587163,-2.114388047,0.279970253
fortis,14.16,65.84,18.85,10.64,8.91,8.7,-1.251999681,-0.288797662,-0.440933681
fortis,14.31,62.83,18.85,10.19,8.66,8.4,-1.771061827,-0.906064562,-0.456295063
fortis,13.8,66,18.7,10,8,7.8,-1.386591284,-2.05438953,-0.009767769
fortis,13.45,64.5,18.55,9.85,8.4,7.5,-1.824599996,-2.082164882,-0.128754189
fortis,16.1,68,19,10.8,9.5,8.9,-0.317308462,0.407666251,-0.691469097
fortis,17.1,68,19.7,11.6,10.1,9.2,0.28789972,1.397967022,-0.623292586
fortis,14.3,63,17.8,10,8.1,7.9,-2.296042608,-1.880054019,-0.098184815
fortis,17,67,19,11.85,11,9.95,-0.289185306,2.894865197,-1.206153867
fortis,12.46,61.83,18.24,9.24,7.81,7.45,-2.713522222,-2.765527741,-0.206373921
fortis,17.3,68,19.2,11.9,9.2,8.5,0.071304149,0.112007154,0.253604201
fortis,15.6,68,18.5,11.6,9.45,8.7,-0.699046274,0.410683085,-0.11739515
fortis,13.71,66.83,19.84,11.14,9.11,8.7,-0.653519438,0.012895102,-0.237859084
fortis,17.4,66,18,10.5,9.5,8.9,-0.90657903,0.319135699,-0.86436362
fortis,14.77,66.7,17.95,10.8,8.3,8.2,-1.424478119,-1.198036937,0.140157579
fortis,18.6,69,19.9,11.6,10.8,9.7,0.931490158,2.423786421,-1.150460757
fortis,17.81,66.33,19.8,11.04,9.61,8.95,0.200538639,0.611901001,-0.622886884
fortis,16.4,67,19.5,10.6,9.35,8.35,-0.166956729,-0.301915738,-0.490604243
fortis,16,67,18.6,11.5,10,8.4,-0.736126047,0.513269207,-0.271378022
fortis,15.53,67,19,9.83,8.5,8.13,-0.63598401,-1.398229089,-0.471838085
fortis,14.61,63.83,19.35,10.19,8.06,8,-1.252304931,-1.75754845,-0.017543937
fortis,15.96,64.83,18.8,10.39,8.76,8.3,-1.03977072,-0.86723786,-0.337697943
fortis,15.43,67.34,19.6,11.04,9.82,8.98,-0.280411999,0.802929314,-0.725986645
fortis,14.46,64.83,18.35,10.54,8.71,8.35,-1.631048111,-0.812875751,-0.252917734
fortis,13.83,64.34,18,9.94,8.52,8.28,-2.05458074,-1.204456819,-0.485765083
fortis,15.13,67.34,20.3,10.04,8.22,8.18,0.018103452,-1.503423991,-0.254633588
fortis,14.77,68.33,18.67,9.97,8.8,8.23,-0.744386053,-1.028437476,-0.564653961
fortis,15.6,66,17.8,9,7.4,7.1,-1.436742133,-3.492769023,-0.009704996
fortis,13.7,64,18.15,10.25,8,8.05,-2.06874517,-1.737452598,0.019622062
fortis,17.05,72.5,19.55,11.1,9.65,8.9,1.02588174,0.611803186,-0.58238678
fortis,16,65,18.9,10.75,8.9,7.95,-0.946263768,-0.993527966,-0.029218062
fortis,15.05,64,18.95,10.65,9.15,8.95,-1.328210054,0.142285041,-0.651958998
fortis,14.8,65,18.7,10.5,8.4,7.6,-1.334876379,-1.793084098,0.199975036
fortis,14,66.5,18.85,10,8.15,7.9,-1.168172775,-1.841518558,-0.119455551
fortis,14.8,64,18.1,10.6,8.8,8,-1.835613842,-1.06623187,-0.09606164
fortis,16,66,19.8,11.5,9.4,8.9,-0.287258863,0.537166617,-0.245507072
fortis,17.8,68,19.3,11.6,10.6,9.2,0.242018706,1.783321634,-0.83599994
fortis,17.2,68,18.3,11.4,10.1,8.9,-0.427089924,1.047152888,-0.600928876
fortis,18.6,67,19.6,11.3,10.4,9.4,0.404817555,1.735178414,-1.015562671
fortis,16.5,67,19.5,10.8,9.4,8.7,-0.14336498,0.136066151,-0.557176476
fortis,19.3,68.5,19.7,11.2,10.1,9.3,0.899019481,1.377190875,-0.899694191
fortis,15.8,67,18.5,10.8,9.5,9,-0.836065358,0.504930839,-0.737344672
fortis,16.2,65,18.2,11.5,9.8,9.4,-1.268370967,1.331773248,-0.645050831
fortis,17.8,68,18.65,11.65,10.3,9.5,-0.100894084,1.858657724,-0.817186499
fortis,14.97,66.33,18.07,10.13,8.9,8.23,-1.3821426,-0.904150259,-0.51498502
fortis,15.5,68,19.15,10.55,8.85,8.6,-0.379725233,-0.45886397,-0.42140158
fortis,17.5,65,18.4,10.5,9.5,8.8,-0.856166607,0.22187111,-0.818488045
fortis,16.01,65.33,20.25,10.64,8.47,8.5,-0.170914255,-0.822438897,-0.162000059
fortis,16.47,67,20,11.13,9.7,9.63,0.113336564,1.369223199,-0.921259761
fortis,14.8,70,18.5,10.9,9.6,8.8,-0.519375101,0.416982768,-0.630503485
fortis,16,66,19.05,11.05,9.25,8.9,-0.682927466,0.288764405,-0.44103665
fortis,14.1,70,19.2,10.7,9.2,8.8,-0.315226645,0.049678711,-0.575600617
fortis,17.25,71.5,19.2,11.8,9.3,8.5,0.704217308,0.159567892,0.153431222
fortis,14.9,66,19.3,10.7,9.2,8.8,-0.810547166,0.049678711,-0.575600617
fortis,18.4,69,18.7,10.4,9.1,9,0.251236896,0.078606414,-0.797704819
fortis,18.3,71,19.7,11.3,10.2,9.3,1.123608447,1.483771981,-0.884604155
fortis,14,69,18.2,10.9,8.6,7.9,-1.050579112,-1.229107751,0.2077914
fortis,16.2,70,18.8,11,9,8.3,-0.030823179,-0.502255524,-0.088245277
fortis,16.1,66,18.7,10.9,8.8,8.6,-0.843981066,-0.394113787,-0.198420568
fortis,13.1,64,17.5,10.8,8.1,8.1,-2.553208451,-1.44944337,0.271116096
fortis,13.8,66,17.9,10.2,8.2,8.6,-1.808637794,-1.063110609,-0.346592296
fortis,16.5,69,19.1,10.8,9,8.9,0.014016927,0.022311639,-0.478761742
fortis,16.7,69,18.5,10.9,9.8,8.8,-0.255334458,0.571124613,-0.715586427
fortis,15,68,18,10.2,9.1,8.4,-1.104375835,-0.564001485,-0.637714384
fortis,20.3,73,21,12.5,9.9,9,2.64967416,1.314887657,0.072225076
fortis,18,70,20.7,11.3,9.2,8.5,1.396188758,-0.06505395,-0.092184845
fortis,17.8,70,18.7,10.3,9.5,9.3,0.293888985,0.649173685,-1.163128935
fortis,15.55,69.5,18.35,9.4,8.5,8.7,-0.513671998,-0.970714726,-0.981144346
fortis,16.75,69.5,19.05,11.05,9.4,8.95,0.138719682,0.453003083,-0.527786644
fortis,15.4,67,18.9,10.7,9.4,9.1,-0.719409097,0.495614321,-0.798310284
fortis,12.9,66,18.1,9.7,8.6,8.4,-1.915451904,-1.096907017,-0.713164568
fortis,16.4,69,19.5,10.6,9,8.8,0.201448434,-0.133973317,-0.548149183
fortis,14.8,68.5,18,10.8,8.8,8.8,-1.059458041,-0.229094794,-0.347803225
fortis,12.8,67,17.07,9.53,8.27,7.97,-2.298225953,-1.819646104,-0.473486305
fortis,15.7,68,19.1,11.9,10.3,9.3,-0.358919643,1.737904007,-0.581356579
fortis,15.2,67,18.3,10.6,9.2,8.4,-1.083127477,-0.368889827,-0.449729824
fortis,15.4,70,19.1,10.8,9.6,9,-0.061289727,0.582001761,-0.779886143
fortis,14.5,65.5,19,11.05,9.8,8.7,-1.155282893,0.5181253,-0.58326359
fortis,17.6,68,19.7,12.5,10.3,9.7,0.405858463,2.304023466,-0.419069833
fortis,15.6,66,18.7,12.1,9.8,8.7,-0.961939809,0.827982233,0.021867241
fortis,15.6,68,19.4,10.9,10.1,8.8,-0.22424395,0.80233738,-0.843210839
fortis,16,69,19.4,10.7,9.3,9,0.054325625,0.321278811,-0.709893238
fortis,17.1,68,19.7,10.8,9.5,8.9,0.28789972,0.407666251,-0.691469097
fortis,17.6,69,18.6,12,10,9.6,0.009747093,1.82799519,-0.533727384
fortis,15.85,68,19.25,11.65,9.95,9.65,-0.244398299,1.734806379,-0.737104713
fortis,14.7,68,19.8,10.6,9,8.7,-0.225546433,-0.231237906,-0.502273608
fortis,16.7,68.5,19,10.75,9.05,8.7,-0.08365668,-0.148437169,-0.437097081
fortis,14.3,66,18.1,11.1,9,8.6,-1.585167423,-0.180951574,-0.168240494
fortis,17.1,69,18.7,10.9,9.2,8.9,-0.055455836,0.205963668,-0.506213176
fortis,16.1,68,19.7,10.9,10.4,9.5,0.051982234,1.714402266,-1.291964277
fortis,15.3,67,19.3,11.3,9.9,9.1,-0.531977591,1.058030037,-0.665228592
fortis,18,67,19.1,11.6,9.6,9,-0.000512006,0.818083234,-0.318834081
fortis,14.9,67,20.2,12.1,10.3,9.7,-0.151542262,2.18598273,-0.649595864
fortis,16.7,67,18.9,12.1,10,9.4,-0.412716365,1.662976197,-0.384344726
fortis,15,65,18.5,12,10.2,9.9,-1.393204509,2.2739308,-0.756437051
fortis,17.4,70,19.3,11.8,10.4,9.5,0.516056873,1.979993923,-0.773280708
fortis,15.7,68,19.1,11.3,9.3,8.7,-0.358919643,0.206546149,-0.226477466
fortis,14.5,67,18.5,10.3,8.5,8,-1.14275809,-1.385975189,-0.141331751
fortis,16.1,68,18.9,11.5,9.9,9.6,-0.370064276,1.603373348,-0.779343452
fortis,17.5,71,18.6,11.9,10.3,9.5,0.354560507,1.932433184,-0.673107729
fortis,13.2,67,19.5,10.1,8.8,8.4,-0.921892684,-0.824724436,-0.567721479
fortis,16.5,68,19.6,12.1,9.85,9,0.093593415,1.158311459,-0.13703022
fortis,16.7,72,18.6,11.3,9.5,9.3,0.350029099,0.944275525,-0.586813858
fortis,11.3,65,18.9,9.7,7.5,7.5,-2.055075953,-2.820068459,0.167671787
fortis,16.65,69.5,19.7,11.15,9.45,9,0.458040723,0.569681022,-0.514363659
fortis,15.85,67.5,18.95,10.65,9.1,8.6,-0.494767031,-0.23667648,-0.47012375
fortis,14.7,65,18,10.3,8.9,8.2,-1.727758824,-0.883162323,-0.403248784
fortis,18.5,70,18.8,11.4,9.8,8.9,0.511787039,0.815940122,-0.473304463
fortis,15.6,68,18.8,11.7,9.7,9.3,-0.540778833,1.216458106,-0.441370769
fortis,15.9,69,20,11.3,10.1,8.9,0.347268759,1.017642704,-0.658560383
fortis,16.2,71,19.7,11.8,9.4,9,0.628181726,0.722961757,-0.118488124
fortis,16.55,69,20.1,11.55,9,9,0.553370939,0.340902608,-0.09240101
fortis,14.7,66,19.9,10.9,9,8.4,-0.541195781,-0.434501119,-0.191752359
fortis,17.4,70,18.5,11.5,9.4,9,0.094010363,0.634431205,-0.291382647
fortis,15.25,64.5,18.25,10.4,8.65,8.2,-1.558215962,-1.046329445,-0.2392636
fortis,14.4,68,20,10.1,8.7,8,-0.190810051,-1.290853713,-0.341677708
fortis,17.65,70,19.75,11.75,9.65,9.4,0.812437407,1.289942325,-0.437159855
fortis,15.4,66,19.2,10.1,8.1,7.9,-0.745344237,-1.850543835,-0.040553308
fortis,12.65,62.5,18.2,9.55,7.8,7.75,-2.566384495,-2.389959497,-0.161088825
fortis,13.6,63,18.3,9.7,8,8,-2.197405779,-1.948390905,-0.274413443
fortis,13.9,67,19.6,10,8.3,8.2,-0.70399463,-1.434118409,-0.320894482
fortis,15.2,69,18.7,11.3,8.9,8.5,-0.50369906,-0.296266717,0.035439567
fortis,15.7,70,18.8,11,9.3,9,-0.148781922,0.409809363,-0.536998715
fortis,14.9,69,18.3,10,8.2,8.5,-0.785497561,-1.219395565,-0.415979737
fortis,15,67,19.1,10.6,9.3,8.8,-0.708264464,0.097239449,-0.675773595
fortis,15.2,65.3,19.2,10.77,9.03,8.87,-0.921469541,0.007400484,-0.495050963
fortis,12.8,66,18.1,10,8.3,8,-1.939043653,-1.628647586,-0.229143332
fortis,17.1,70,19.5,12.3,10.1,9.7,0.550793255,2.090861253,-0.449249907
fortis,18.6,72,18.8,10.7,10,9.15,0.90378395,1.006672149,-1.076496896
fortis,14.7,69.5,18.6,9.85,8.6,8.2,-0.582312326,-1.247170918,-0.534966156
fortis,15.4,68,18.6,10.8,9.1,8.5,-0.693473958,-0.289675793,-0.337800913
fortis,14.7,69,20,10.6,9.2,8.9,0.064167776,0.117433116,-0.679107699
fortis,14,64.5,18.57,10.6,8.53,8.37,-1.684294216,-0.914444383,-0.150939297
fortis,16.6,65,18.8,10.7,9,8.6,-0.85746909,-0.29899231,-0.398766525
fortis,16.9,70,18.7,10.4,9.6,9,0.081563248,0.463961025,-1.010412173
fortis,15.6,64,18.1,10.7,8.9,8.2,-1.646879853,-0.765121587,-0.172722754
fortis,15.2,60,18.2,10,9,8.5,-2.425301358,-0.602828187,-0.756311504
fortis,15.8,65,18.4,9.7,8.6,8.2,-1.257226334,-1.291436194,-0.621413418
fortis,15.3,65,18.6,10.5,8.6,8.45,-1.269673449,-0.81219325,-0.275050294
fortis,16.8,69,19.7,10.7,9.3,8.7,0.401327056,0.029485045,-0.572266512
fortis,17.3,66,18.5,11,9.1,8.8,-0.66639171,0.061138341,-0.360164623
fortis,17.3,68,19.2,11,9.9,9.4,0.071304149,1.261293251,-0.97574984
fortis,16.5,72,19.9,10.9,9.3,8.8,0.98867118,0.185770002,-0.502879072
fortis,13.87,67.7,19.17,9.73,8.37,7.87,-0.808980347,-1.780819402,-0.354889185
fortis,13.9,68,18.8,9,7.9,7.7,-0.941838559,-2.523826881,-0.4976658
fortis,14.5,65,19.1,10.3,8.3,8.2,-1.19462837,-1.345587857,-0.147999959
fortis,16.4,67,19,10.9,9.3,9.1,-0.430735797,0.477563767,-0.640505797
fortis,15.5,68,19.6,9.4,9.2,8.8,-0.142324071,-0.333953681,-1.324810217
fortis,12.2,67,17.4,8.8,8,7.7,-2.26568226,-2.505776327,-0.655470287
fortis,11.7,67,17.9,8.9,7.9,8.1,-2.119861934,-2.164278711,-0.738799608
fortis,17.4,68,19.3,10.8,8.7,8.7,0.147651711,-0.403430305,-0.25938618
fortis,17,68,19.4,11.3,9,9.3,0.10604053,0.558920914,-0.374106504
fortis,15.7,69,18.7,10.6,9.6,8.4,-0.385740317,-0.060606138,-0.619895708
fortis,14,70,19.2,11.1,9.8,9.1,-0.338818394,0.921938747,-0.737950136
fortis,13.2,67,17.8,10.6,8.6,8.5,-1.818741518,-0.734050772,-0.240356574
fortis,16.45,70,19.4,11.85,9.2,8.85,0.344691075,0.437678122,0.064223934
fortis,14.8,69,18.5,10.9,8.5,8.6,-0.703577682,-0.625326554,-0.070796155
fortis,16.1,67,18.4,11.5,10.3,9.7,-0.818045926,2.008921625,-0.99538491
fortis,16.8,71,18.1,11.1,9.9,9.6,-0.074360803,1.485332612,-1.009869483
fortis,18.2,67,18.8,11.9,10.2,9.3,-0.11159595,1.660833085,-0.538815108
fortis,14.4,67,19.4,11.7,10,8.8,-0.691547515,0.96134793,-0.339617307
fortis,14.1,64,18.1,9.7,8,8.1,-2.000756083,-1.851126316,-0.320289018
fortis,18.5,67,20,11.8,10.4,9.7,0.592249061,2.1745231,-0.865031858
fortis,15,67,18.1,10,9.1,8.5,-1.235822602,-0.525757265,-0.798852974
fortis,14.47,67,18.47,10.13,8.7,8.65,-1.165662359,-0.649780832,-0.622579494
fortis,15.7,69,19.2,10.7,9.1,8.9,-0.121961248,0.069872377,-0.578934721
fortis,15,69,19.1,10.8,8.9,8.4,-0.339859302,-0.541082226,-0.206842396
fortis,13.3,66,19.4,10.6,9,8.7,-1.135259331,-0.231237906,-0.502273608
fortis,15.1,67,19,10.7,8.3,8.4,-0.737428529,-1.033017943,-0.009225079
fortis,15.9,71,19.1,11.4,9.7,9.2,0.240871597,1.030662965,-0.568389717
fortis,16.2,65,18.6,11.1,9.2,8.6,-1.057347712,-0.02680973,-0.253323436
fortis,15.9,70,18.9,11,8.8,8.6,-0.048842611,-0.364603603,-0.14078906
fortis,18,69.3,20.17,11.47,10,9.53,0.987641138,1.603506003,-0.807061472
fortis,15.5,66,19.5,10.2,9,8.6,-0.563485047,-0.446543231,-0.686924063
fortis,17.1,67,19.6,11,9.7,8.8,0.050941326,0.523563875,-0.615413448
fortis,14.4,67,18.6,10.6,9.6,8.5,-1.113594025,0.036658451,-0.665771283
fortis,16.1,69,18.5,11.7,9.5,9,-0.39688495,0.770522495,-0.218661102
fortis,15.6,68,19.7,10.7,8.8,8.6,-0.065976509,-0.453134155,-0.313683583
fortis,14.7,68,19.9,10.1,7.8,8.1,-0.172790619,-1.887227425,-0.004680045
fortis,16,67,19.1,10.9,9,8.7,-0.472346978,-0.142707354,-0.329379084
fortis,17.3,69,19.9,10.7,9.9,9,0.624797426,0.783704344,-0.965142063
fortis,15.5,67,19.1,10.6,8.9,8.4,-0.590305721,-0.600102594,-0.322105411
fortis,17.6,71,20,11.6,10.5,9.8,1.116733648,2.289838243,-1.068711919
fortis,18.5,70,20.1,11.9,10.7,9.7,1.197612618,2.435246051,-0.935024763
fortis,15.9,68,19.8,12.4,10,9.5,0.057554551,1.848771338,-0.257325778
fortis,15.5,66,18,10.6,9.7,8.7,-1.354822254,0.30825855,-0.800063904
fortis,13.8,65,17.3,10,8.9,8.3,-2.309375258,-0.874428286,-0.622018883
fortis,15.9,67,18.1,11,9.7,8.5,-1.023496864,0.231770109,-0.477786723
fortis,17.6,67,19.75,10.85,9.5,8.85,0.248033789,0.373789048,-0.639715555
fortis,13.7,64,18.1,10.4,7.9,7.7,-2.095123077,-2.110684304,0.309175307
fortis,13.5,61,18.2,9.3,7.7,7.6,-2.642158504,-2.686702762,-0.193812761
fortis,17.3,64,18.9,11,9.6,8.5,-0.823773617,0.154699187,-0.435245252
fortis,13.7,66,18.6,11.8,9.8,8.9,-1.462938846,0.933980858,-0.242778432
fortis,15.3,63,17.2,10,8.3,7.8,-2.376660004,-1.823176763,-0.137392182
fortis,12.8,65,17.9,10.8,8.9,8.4,-2.228757861,-0.541082226,-0.206842396
fortis,14.9,64,18.1,10.8,9.3,8.3,-1.812022094,-0.330063125,-0.331132705
fortis,16.4,66,18.6,9.9,9,8.3,-0.825961633,-0.826867548,-0.722191861
fortis,16,66,18.3,10.6,9.6,8.4,-1.078596069,-0.060606138,-0.619895708
fortis,15,63,18.4,9.9,8.4,7.7,-1.814365485,-1.872880613,-0.191689586
fortis,16.7,63,18.2,11.5,10.4,9.4,-1.518817386,1.794198782,-0.900299656
fortis,15.8,67.5,19.4,11.75,9.45,8.9,-0.269161744,0.649477538,-0.122699038
fortis,14.6,72,18.9,9.9,9,8.5,0.012869819,-0.632338371,-0.813943011
fortis,15.5,67,17.9,10.5,9.6,9,-1.223375486,0.493471209,-0.952780666
fortis,13.75,63.5,17.25,10.1,9.1,8,-2.62385291,-0.982570024,-0.511843591
fortis,14.8,66.67,18.1,10.5,9.17,8.7,-1.343792951,-0.129727522,-0.632225616
fortis,16.6,68,18.4,11.2,9.1,8.6,-0.515884602,-0.074370468,-0.153150457
fortis,18.4,72,19,12.4,9.4,9,0.96211208,0.900022861,0.227300922
fortis,15.6,67.5,19.35,10.75,8.85,8.9,-0.342723148,-0.108049836,-0.44376529
fortis,14.9,68,19,11.2,9.5,8.6,-0.600409446,0.233913221,-0.323316341
fortis,14.2,70,18.5,11,8.7,8.2,-0.660925593,-0.830732879,0.085254711
fortis,15.5,67,19.1,11.6,10.2,9.2,-0.590305721,1.475037944,-0.665834056
fortis,14.8,65,18,11.1,9.4,9,-1.704167075,0.516390469,-0.521908678
fortis,17.1,67,18.3,11.7,10.6,10,-0.634884253,2.590948526,-1.145373033
fortis,16.6,70,19.5,11,8.4,8.5,0.432834512,-0.770151881,0.075252399
fortis,14.9,67,18.9,10.8,8.6,8.2,-0.83736784,-0.96682417,0.012533167
fortis,14.5,66,18.6,9.5,8.2,7.8,-1.274204857,-2.047798605,-0.38300825
fortis,14.6,67,19,10.8,8.8,8.3,-0.855387273,-0.715417737,-0.11842535
fortis,16.6,70,19.7,10.5,9.2,8.7,0.538346139,-0.106606245,-0.644988057
fortis,13.9,69,19.6,9.5,8.1,7.5,-0.335589468,-2.416663293,-0.202840054
fortis,16.5,70,19.6,11.7,10.5,9.8,0.461998577,2.319348427,-1.011080412
fortis,14.4,69,18.6,11,9.5,8.4,-0.745188863,-0.019636324,-0.346828206
fortis,14.4,67,19.7,10.6,9,8,-0.533280073,-0.912090026,-0.181144582
fortis,12.9,69,18.6,10.5,8.8,8.3,-1.099065092,-0.803948289,-0.291319873
fortis,15,68,19.3,11.1,10.1,9.1,-0.418550256,1.153151513,-0.865574549
fortis,16.1,69,19.1,10.7,9.6,8.8,-0.080350067,0.3579624,-0.7457665
fortis,15.7,66,18.1,10.8,9.5,8.5,-1.254882943,0.018607896,-0.507966796
fortis,18.4,70,19.95,11.55,9.65,9.1,1.094887149,0.939128191,-0.414796145
fortis,16.2,66,17,10.7,9.4,8.7,-1.717238151,0.106555967,-0.614807983
fortis,16.8,66,18.9,11.3,10,9.3,-0.573327198,1.329630136,-0.799521213
fortis,14.6,67,19,10.6,8.8,8.4,-0.855387273,-0.677173516,-0.279563941
fortis,15.9,67,18.6,10.4,9.9,8.9,-0.759717796,0.597909204,-1.092161011
fortis,14.7,64,18.5,9.8,9,8.8,-1.648182336,-0.37005479,-1.009201244
fortis,18.9,68,20.6,11.6,9.7,10.3,1.187353519,2.159593807,-0.957758028
fortis,17.5,66,19.4,11.7,9.8,9,-0.144405889,1.001735262,-0.346285515
fortis,16.9,71,19.7,11.7,9.6,9.1,0.793323966,0.944858006,-0.307078148
fortis,15.7,67,18.4,10.8,9.8,8.9,-0.91241292,0.638879017,-0.819093509
fortis,15.4,67,18.3,10.3,8.5,8.4,-1.03594398,-0.996916835,-0.324834051
fortis,15.05,69,18.65,10.65,8.85,8.65,-0.56546459,-0.380721492,-0.38670786
fortis,14.9,65,19.2,10.7,9.2,8.6,-1.047505561,-0.144850466,-0.483849467
fortis,14.8,66,20,12.8,10.6,9.7,-0.464848219,2.623766785,-0.373799723
fortis,13,66,18.7,10.1,8.2,7.9,-1.575325273,-1.773472913,-0.083094779
fortis,13.8,64,19.05,10.6,8.3,7.95,-1.570351098,-1.500218776,0.139583502
fortis,15.7,64,17.9,9.6,7.8,7.8,-1.728799732,-2.32657211,-0.155210858
fortis,15.2,65,18.7,10.9,9.1,8.8,-1.240509384,0.031628157,-0.41779613
fortis,16.3,68,19.7,10.7,9.1,8.3,0.099165731,-0.513715154,-0.30368127
fortis,13.9,66,18,10,8.3,8.3,-1.732290232,-1.33685382,-0.366770057
fortis,14.8,65,18.4,9.8,8.1,8,-1.49314382,-1.841809798,-0.259323406
fortis,15.5,70,19.7,11.2,9.3,8.6,0.278836904,0.079771377,-0.238233399
fortis,16,69,18.8,10.7,9.1,8.7,-0.262209257,-0.1246568,-0.487183571
fortis,13.7,63,18.2,10,7.8,7.9,-2.226569844,-2.111266786,0.029439597
fortis,16.3,67,19.5,11.4,9.7,9.2,-0.190548477,1.030662965,-0.568389717
fortis,15.5,67,18.8,11.3,8.7,8.6,-0.748573163,-0.353143973,0.074646934
fortis,15.45,67,19.1,11.35,9.2,8.65,-0.602101596,0.095598025,-0.132182454
fortis,11,62,16.9,8.6,6.8,6.5,-3.733575217,-4.656822824,0.290271249
fortis,13,63,18.1,10.7,9,8.7,-2.444467899,-0.201727722,-0.4446421
fortis,14.1,65,18.7,10.2,8.8,8.2,-1.500018619,-0.989743429,-0.418338821
fortis,12.8,65,17.1,9.7,7.4,7.9,-2.650804371,-2.508081027,0.026710958
fortis,17.5,69,19.2,11.5,9,8.8,0.302690227,0.131618339,-0.029465613
fortis,17.5,66,19.3,11.1,9.8,9,-0.197161702,0.824674158,-0.692074561
fortis,15.6,66,19.7,10.3,8.7,8.2,-0.434381671,-1.037304168,-0.318165843
fortis,17.5,69,19.6,11.1,9.5,8.8,0.513713482,0.398932214,-0.472698999
fortis,15.7,69,19.9,10.3,9.2,8.4,0.247329448,-0.457420379,-0.622624347
fortis,18.5,68,19.8,11.5,10,9.5,0.670940015,1.583179681,-0.776009348
fortis,14.2,68,19.1,10.9,9.5,9.2,-0.712795872,0.7289702,-0.771464314
fortis,14.6,65,18.5,9.9,8.8,8.6,-1.487571503,-0.689215627,-0.774735645
fortis,16.8,66,18.3,10.8,8.8,8.8,-0.88986208,-0.229094794,-0.347803225
fortis,15,69,18.8,10.1,9,9,-0.498126744,-0.08699506,-0.928057871
fortis,13.7,68,19,10.9,9,8.6,-0.883510429,-0.239971942,-0.283503509
fortis,15.8,69,19.2,11.2,9,8.4,-0.0983695,-0.345970567,-0.018857836
fortis,19.05,69,20.15,12.7,10.65,9.8,1.169542561,2.73005665,-0.498577541
fortis,18.8,72,20,11.8,10.5,9.6,1.584037212,2.154329433,-0.861697754
fortis,14.9,67,18.6,11.5,9.5,9,-0.995635282,0.711502127,-0.333924118
fortis,9.8,57,16.4,7.8,6.2,6.5,-5.201468175,-5.35532983,0.084468013
fortis,14.7,68,18.7,10.3,8.8,8.5,-0.805860384,-0.66843948,-0.498334039
fortis,16.4,65,20,10.6,9,8.8,-0.271582822,-0.133973317,-0.548149183
fortis,15.8,69.5,19.4,11.15,9.15,8.65,0.099243419,-0.001957805,-0.226174734
fortis,18.3,71,20.3,11.2,9.6,9.8,1.440143329,1.478159206,-0.916364712
fortis,16.1,70.5,19.95,11.1,9.3,8.5,0.644378221,-0.047003396,-0.249989332
fortis,17.1,69,20.4,11.3,9.4,8.9,0.841392998,0.478146248,-0.360770087
fortis,14.9,66,18.6,10.8,9,8.7,-1.179837863,-0.172217538,-0.387010592
fortis,17.4,65,19.4,10.8,9.2,8.6,-0.352200218,-0.115340282,-0.426217959
fortis,19,66,18.8,10.9,10,9.3,-0.107064542,1.2115894,-1.030047244
fortis,17.7,68,18.9,10.8,8.9,8.9,0.007403702,-0.054759283,-0.436220271
fortis,15.3,64,18.2,10,8.8,8.5,-1.664899285,-0.756970032,-0.671228562
fortis,18.7,72,20.2,12.1,9.8,9.4,1.665957091,1.508834353,-0.299261785
fortis,14.9,68,18.8,11,9,8.8,-0.705921073,-0.015932581,-0.317623152
fortis,14.5,66,18.1,11,9.1,8.2,-1.537983926,-0.52244919,-0.084911172
fortis,15.5,69,18.9,10.5,9.3,8.3,-0.327412187,-0.418593677,-0.504027228
fortis,15.5,68,20.2,11,9.3,8.7,0.174210811,0.118015597,-0.399371989
fortis,16.9,69,19.8,12.2,10.6,9.6,0.477674618,2.349441092,-0.673713194
fortis,14.5,66,17.95,10.85,9.1,8.3,-1.617117647,-0.469449878,-0.217234009
fortis,19.8,71,20,12.3,10.5,9.5,1.635752118,2.204615765,-0.52766464
fortis,15.1,67,18.8,11.5,10,9.4,-0.842940157,1.485915093,-0.730133772
fortis,15.6,68,18.9,11.6,9.8,9.4,-0.488023019,1.361283432,-0.587419323
fortis,15,69,18.2,10.2,8.5,8.4,-0.814661626,-1.026427019,-0.382465559
fortis,15.2,66,19.6,10.8,9.3,9,-0.581504479,0.350788995,-0.65226173
fortis,17.1,67,20.4,11.25,9.7,9.55,0.472987836,1.326823749,-0.815401492
fortis,14.6,65,18.7,10.1,8.8,8.3,-1.382059876,-0.921989025,-0.521845904
fortis,15.7,67,19,10.9,8.9,8.5,-0.595878038,-0.414307453,-0.195086463
fortis,15.4,67,18.8,10.6,9.1,9,-0.772164911,0.137626782,-0.682441804
fortis,16.6,68,19.8,10.9,9.3,9.1,0.222696791,0.477563767,-0.640505797
fortis,16,68,18.9,10.5,8.9,8.5,-0.393656025,-0.532348189,-0.425612494
fortis,16.9,68,20.2,11,9.9,9.2,0.504495292,1.066764073,-0.88399869
fortis,14.9,67,19.8,9.6,8.6,8.1,-0.362565517,-1.418210967,-0.633169351
fortis,14.2,68,17.1,10.8,9,8.9,-1.767912148,0.022311639,-0.478761742
fortis,14.6,67,19.8,10.5,9.3,8.3,-0.433340762,-0.418593677,-0.504027228
fortis,16.2,65,18.1,11.2,9.5,8.9,-1.321126781,0.525706987,-0.460943066
fortis,14.5,65,19,9.7,7.8,7.6,-1.247384183,-2.491591103,-0.005828201
fortis,14.5,63,18.5,9.3,8.7,8,-1.879568414,-1.526935185,-0.80272977
fortis,15.8,66.5,18.6,10.3,8.75,8.55,-0.875410835,-0.658342646,-0.500001091
fortis,15.9,68,19.8,10.1,8.7,8.6,0.057554551,-0.707266181,-0.616931158
fortis,20.05,72.5,21.15,12.15,10.9,9.75,2.577727219,2.711795649,-0.898966723
fortis,17,72,19.5,11,9,8.6,0.895606668,-0.210461758,-0.225872002
fortis,16.4,66.3,19.8,10.97,9.03,8.63,-0.137631094,-0.16701416,-0.269686568
fortis,14.7,66,18.9,10.8,8.9,8.3,-1.068753919,-0.638346814,-0.160966821
fortis,16.7,67,20.1,10.45,9.3,8.4,0.2203534,-0.336084181,-0.578718557
fortis,16.15,70,20.15,11.65,9.35,9,0.669584432,0.64016102,-0.18366465
fortis,16.9,68,20,10.6,9,8.8,0.398983664,-0.133973317,-0.548149183
fortis,16.6,70,20.7,11.4,9,9,1.065904277,0.296637332,-0.178848271
fortis,15.5,68,18.4,10.6,9.6,8.4,-0.775393837,-0.060606138,-0.619895708
fortis,15.5,64,19.9,10.7,9.2,8.4,-0.720866954,-0.339379643,-0.392098316
fortis,16.4,68,20,11.2,9,8.9,0.281024921,0.140352375,-0.248235712
fortis,14.7,69,19.7,11,8.9,8.9,-0.094099666,0.004261085,-0.320957256
fortis,15,69,19.4,9.8,9.2,8.5,-0.181591861,-0.507706711,-0.956657461
fortis,14.7,66,18.5,10.9,8.9,8.7,-1.279777174,-0.219778276,-0.286837614
fortis,17.4,68,19.8,11.2,9.7,9.4,0.41143078,1.166171774,-0.775403883
fortis,16.3,67,18.9,10.9,9.4,8.7,-0.50708336,0.165576335,-0.499544968
fortis,14.7,69,19.1,10.7,9.7,9.1,-0.410634548,0.726827088,-0.925934696
fortis,13.9,68,18.6,9.9,8.4,8.3,-1.047350187,-1.289293082,-0.466943036
fortis,16.4,66,19.8,10.9,9.3,8.8,-0.192891868,0.185770002,-0.502879072
fortis,16.5,67,19.9,11.7,10.5,9.8,0.067658275,2.319348427,-1.011080412
fortis,21.5,70,20.3,11,10,9.7,2.010876704,1.630157938,-1.155918036
fortis,15.7,63,19,11.3,9,9.2,-1.332688362,0.461656325,-0.328230929
fortis,16,68,18.7,10.8,9,9,-0.499167652,0.119576228,-0.524637317
fortis,15.2,69,19.5,11,9.1,8.7,-0.08165255,-0.036126248,-0.314289048
fortis,15.9,69,19,10.8,8.7,8.8,-0.180289378,-0.306165716,-0.305261755
fortis,14.9,68,19.2,10,8.4,7.9,-0.494897818,-1.648841252,-0.225809228
fortis,14.8,66,16.9,10,8.9,8.3,-2.100278445,-0.874428286,-0.622018883
fortis,12.7,64,17.7,9.1,8,7.5,-2.542063818,-2.611774952,-0.390824613
fortis,15.9,68,19.2,11.2,8.8,8.4,-0.258980332,-0.500112412,0.066225106
fortis,14.4,68,18.9,9.9,7.9,7.9,-0.771124003,-2.063706047,-0.070733381
fortis,19.2,70,20.9,12.6,10.5,9.4,1.784801369,2.195881729,-0.308894542
fortis,15.6,68,19.2,10.6,9.7,9,-0.329755578,0.600052316,-0.937690629
fortis,15.2,67,17.3,10.3,8.55,8.05,-1.610685615,-1.298807434,-0.185540274
fortis,16.7,71,19,10.9,9.7,8.6,0.376849773,0.299524514,-0.581293806
fortis,18.1,69,19.8,11.6,10.5,9.6,0.760775601,2.095309065,-0.976960769
fortis,15.9,69,19.5,10.3,9.4,8.7,0.08348969,-0.011484769,-0.845334014
fortis,14.1,66,19.1,10.5,8.9,8.2,-1.104792783,-0.824141955,-0.287985769
fortis,15.3,69,19.2,10,8.3,8.3,-0.216328243,-1.33685382,-0.366770057
fortis,16.37,67.3,18.8,10.07,9.3,8.57,-0.488064175,-0.28287308,-0.875706763
fortis,15.2,66,19.3,10.2,9,8.7,-0.739771921,-0.349278642,-0.732799638
fortis,15.8,66,18,11.6,8.8,8.3,-1.284047008,-0.479336264,0.342626711
fortis,16.8,66,19.1,11.1,9.9,9,-0.46781557,0.90174508,-0.734616032
fortis,13.6,66,19,9.9,8.4,7.9,-1.27550734,-1.678351436,-0.283440736
fortis,16.23,67,19.33,11.2,9.53,8.87,-0.296747585,0.519648887,-0.459942835
fortis,12.75,63.5,17.9,9.4,7.45,7.4,-2.516857607,-3.044399061,0.061923574
fortis,15.7,66,18.7,10.6,9.2,8.5,-0.93834806,-0.271625238,-0.495605399
fortis,16.9,65,19.6,11.3,9.1,8.8,-0.364647334,0.149668893,-0.1872701
fortis,15.3,68,19.1,10.5,9.5,8.7,-0.453286637,0.124606521,-0.77261247
fortis,14.2,64,17.9,10,8.6,8.5,-2.082675962,-0.911111876,-0.58614562
fortis,16.6,68,20.4,11.4,8.9,9.1,0.539231674,0.316830998,-0.182182375
fortis,14.4,65,19.4,10.6,8.3,8.2,-1.059952677,-1.257057305,0.024894564
fortis,13.7,62,18.8,10.3,8.8,8.8,-2.094237543,-0.376645714,-0.635960764
fortis,13.6,66,18.6,10.4,8.1,7.9,-1.486530595,-1.762013283,0.132341215
fortis,15.4,63,17.9,10.7,8.4,7.7,-1.983777559,-1.636799141,0.269362476
fortis,14.8,67,18.9,10.8,8.6,8.3,-0.860959589,-0.869559581,-0.033342408
fortis,12.1,64,17.6,9.3,8.1,7.4,-2.736370124,-2.57294825,-0.272227494
fortis,14,66,18.7,9.4,7.9,7.6,-1.339407787,-2.503050733,-0.221264195
fortis,19.15,68.5,18.75,11.05,9.9,9,0.362451627,0.886989988,-0.763431786
FS,19.77,75.63,19.15,12.81,9.3,8.53,2.033108126,0.486800127,0.721746777
fS,18.65,67.33,19.25,11.87,11.17,10.47,0.292754933,3.537563662,-1.505501056
FS,16.53,66.34,18.7,9.04,8.42,7.98,-0.679907669,-1.838913163,-0.824280456
FS,14.7,65.5,18.67,10.93,8.45,8.3,-1.282193581,-0.946802725,0.105390758
FS,13.3,62,18.4,9,7.8,7.4,-2.399627792,-2.892691569,-0.317497604
fS,19.5,70,21,13.4,9.8,9.5,1.908332428,1.989731333,0.40407224
FS,16.6,70,20.2,12.4,8.4,8,0.802125208,-0.843332247,1.111471382
fS,15.2,67,20.2,12.7,8.7,8.7,-0.080767016,0.157263192,0.835612467
fS,19,72,21.3,13,9.8,9.7,2.317046289,2.066219774,0.081795059
FS,13,65,18.7,10.1,8.2,7.6,-1.759527854,-2.065266678,0.054531947
FS,13.6,65,18.4,10.6,9,8.5,-1.776244803,-0.425767083,-0.410522457
FS,15.66,67.15,18.8,11,9.57,9.11,-0.683195978,0.7248919,-0.702323819
FS,16.94,71.66,19.4,12.15,9.47,8.76,0.766066928,0.646762034,0.163544504
FS,16.85,71,18.75,10.45,8.7,8.4,0.280347861,-0.798509714,-0.323469731
FS,17.7,67,19.7,11.7,10.4,9.4,0.245247631,1.85321915,-0.785036641
FS,17.8,73,20,11.4,8.7,8.6,1.532322307,-0.323633789,0.132278442
FS,15.8,68,19,10.4,9.2,9.1,-0.388083708,0.252941925,-0.886121865
FS,17.92,66.83,18.74,11.44,10.16,9.2,-0.240620773,1.396993281,-0.74102788
fS,17.96,69.33,19.2,13.14,9.51,9.25,0.471999122,1.446337709,0.492289524
FS,12.7,66,17.4,9.7,8,7.6,-2.331926098,-2.337449259,-0.090911142
FS,12.7,68,18.3,10.3,8.6,8.5,-1.488718612,-0.822581324,-0.413251097
FS,12.8,68,18.8,10.7,8.3,7.6,-1.201347794,-1.811134652,0.357779522
FS,17.15,66,19,10.85,8.1,8.2,-0.438000264,-1.337423689,0.254056275
FS,16.2,69,19.3,12.3,9.9,9.2,0.048753309,1.450396466,-0.13478909
FS,16.2,68,19.3,10.8,8.9,8.4,-0.135449272,-0.541082226,-0.206842396
FS,14.9,69,18.3,10.4,8.7,8.3,-0.785497561,-0.910529395,-0.30640991
FS,17.3,67,18.6,13.2,9.8,8.9,-0.429433315,1.347123434,0.564062675
FS,15.8,68,19.4,10.3,8.1,8.3,-0.177060453,-1.402465113,-0.108792593
FS,17,69,19.8,11.3,9.7,9,0.501266367,0.806623604,-0.534270075
FS,17,66,18.7,10.8,8.8,8.2,-0.631655328,-0.812682325,-0.072549775
fS,18.7,68,19,12.4,9.8,9.6,0.296077002,1.791894082,-0.218118412
FS,13.8,67,19.3,12.5,8.6,8.5,-0.88585382,-0.173357276,0.854642072
FS,14.4,64,18.2,9.9,7.8,7.9,-1.877225023,-2.14077697,-0.02819191
FS,16.2,64,19.1,11.1,8.7,8.6,-0.977771224,-0.412164341,-0.040616081
FS,17.6,70,19,12.1,10.1,9.8,0.404972929,2.129105474,-0.610388497
FS,14.7,66,18.3,10.7,8.6,8.5,-1.385288801,-0.704540588,-0.182725066
FS,19.4,74,21.1,13.9,9.1,8.8,2.674306818,0.916933678,1.3111491
FS,20.5,72,21.6,14,9.8,9,2.829189959,1.680469495,0.979239162
FS,14.8,65,19.7,11,9.2,8.1,-0.807318241,-0.542642856,-0.081577068
fS,12,63,18,9.6,7.6,7.7,-2.733141199,-2.577978543,-0.024252342
FS,18.7,71,21.2,14.3,8.8,8.2,2.009312648,0.220174116,1.944552994
FS,16.5,68,19,12.1,9.9,9.3,-0.222941468,1.488640686,-0.29592768
FS,17.9,69,19,11,9.4,9,0.291545594,0.486880285,-0.579540185
fS,16,70,20.2,11.3,10,9.4,0.660574716,1.426894725,-0.845396788
FS,17.8,67,20.1,11.4,9.8,9.3,0.479862635,1.204998476,-0.656806763
FS,17.7,67,19.9,11.7,9,9.1,0.350759259,0.482432473,-0.051829323
FS,15.2,67,19.1,10.5,8.6,8,-0.661080967,-1.249883899,-0.068610206
FS,12.9,65,17.9,10.9,8.2,7.7,-2.205166113,-1.731920617,0.469708433
FS,19.4,71,19.7,12.9,9.8,9,1.383117682,1.355857471,0.345292577
FS,16,65,18,10.6,9,8.8,-1.421066092,-0.133973317,-0.548149183
FS,15.9,64,19.4,11.2,8.4,8.8,-0.890279029,-0.419337747,0.052888689
FS,16.4,69,19.8,13.1,10,9.2,0.359715875,1.76354886,0.283721501
FS,16.6,70,19.9,12.8,8.8,8.2,0.643857767,-0.222478645,1.080080379
FS,17,68,19.6,13.1,10.1,9.3,0.211552158,1.937884371,0.195304455
FS,17,69,19.1,12.7,8.8,8.8,0.13197567,0.331598703,0.747195421
FS,14,72,17.7,11.8,8.2,8,-0.761750438,-1.174535196,0.850765277
FS,15.7,64,19.3,11.4,9.7,8.7,-0.99021834,0.544340022,-0.339011842
FS,16.2,67,19.8,11.1,9.4,8.9,-0.055872785,0.41912588,-0.476033103
fS,12.1,63,19.2,9.7,7.2,7.5,-2.076479685,-3.051281226,0.2952962
FSf,16.7,68,19,10.5,9.4,8.7,-0.17575797,0.047535599,-0.730070999
fSF,23.35,73,21.6,12.85,10.35,9.3,3.685757376,2.056786217,-0.055127992
FSf,11.5,62,18,8.3,6.9,6.6,-3.035302523,-4.571017866,0.02895968
FSf,13.73,62.34,17.9,9.14,7.12,6.68,-2.499333465,-4.07576462,0.382772649
FSf,15.65,69,19.6,11,9.25,8.45,0.077266133,-0.163681335,-0.263412316
FSf,17.2,69,19.9,13.4,8.8,8,0.601205678,-0.239946718,1.517620575
FSf,19.4,71,20.9,12.9,9.7,8.6,2.016187447,0.889728194,0.571336348
fSF,21,72,22,13.3,9.7,9.3,3.158171957,1.68862105,0.480733354
FSf,14.7,68,18.9,9.3,8,7.9,-0.700348757,-2.163696229,-0.459063898
fSF,22.4,74,20.8,12.5,11.2,8.9,3.223791835,2.219545058,-0.434938471
FSf,16.4,67.5,19.5,11.85,8.7,8.35,-0.074855438,-0.433999432,0.506309164
FSf,13.7,65,18.5,10.1,7.7,7.8,-1.699897241,-2.256092113,0.175488151
fSF,17.5,67,20.3,12.2,9.9,10.5,0.514599016,2.685325933,-0.788803073
fuliginosa,10.15,60.5,16.65,8,6.4,6,-4.342298486,-5.62849056,0.344025962
fuliginosa,13.1,59,17.7,8.9,6.7,6.7,-3.368709729,-4.450834018,0.413956093
fuliginosa,13.8,64,19,9.1,7,7,-1.596729005,-3.868807117,0.263967971
fuliginosa,14.8,65,18.2,10.1,8.6,8.2,-1.598655448,-1.173395458,-0.390887387
fuliginosa,16.1,67,19.2,10,8.3,7.9,-0.395999416,-1.725912174,-0.183267757
fuliginosa,12.16,60.83,17.09,9.14,7.41,7.4,-3.575191907,-3.151953908,-0.070901757
fuliginosa,14.8,62,19.1,8.5,6.5,6.5,-1.676460867,-4.917545775,0.360264154
fuliginosa,16.1,66,21,10.6,8.5,8.5,0.369402651,-0.811121694,-0.197815103
fuliginosa,12.9,61,18.4,8.2,6.6,6.8,-2.678197368,-4.637211639,0.007201435
fuliginosa,11.2,65,18.6,9.6,7.7,7.6,-2.236935143,-2.59817221,-0.020918237
fuliginosa,13.5,62,17.9,9.9,6.8,6.8,-2.616223364,-3.981396667,0.901854124
fuliginosa,10.1,65,18.4,9.2,7.3,6.9,-2.601956005,-3.705348755,0.239850641
fuliginosa,10.6,60,16.5,8.9,6.9,6.9,-4.407370629,-4.102162996,0.237122001
fuliginosa,10.3,60,16,9,7.1,6.5,-4.741924943,-4.307569322,0.393172867
fuliginosa,9.3,57,17.4,8.2,6.4,6.4,-4.79186878,-5.180411838,0.275786677
fuliginosa,12.8,62,18.2,8.1,6.7,6.8,-2.623098163,-4.589650901,-0.092971544
fuliginosa,10.4,60,17.6,8.4,6.4,6.5,-3.874240175,-5.024126882,0.345174117
fuliginosa,11.8,60,17.8,8.5,6.6,6.5,-3.438444066,-4.840474853,0.317722683
fuliginosa,12.5,62,18.4,8.4,6.4,6.2,-2.588361781,-5.315920647,0.482800842
fuliginosa,10,60,16.9,8,6.4,6.3,-4.337897865,-5.336696795,0.206399237
fuliginosa,11.4,59,18.7,8.5,6.8,6.8,-3.242211318,-4.394539243,0.095013016
fuliginosa,13.2,65,18.4,10.6,9.6,8.7,-1.870611798,0.231187628,-0.757522433
fuliginosa,13.2,63,18.1,9.7,8.3,8,-2.397284401,-1.717178138,-0.402037855
fuliginosa,12.4,64,17,9.2,7.6,7.5,-2.982129761,-2.890548457,-0.163027222
fuliginosa,10,60,17.6,7.9,6.2,6.4,-3.968607169,-5.423084235,0.187975096
fuliginosa,13.1,65,19.6,9.9,8.2,7.7,-1.261133781,-2.027022458,-0.106606644
fuliginosa,17.6,71,20,11.5,9.2,9.1,1.116733648,0.577553949,-0.25217528
scandens,22.8,74.5,21.85,14.85,9.55,9.1,3.964196164,1.835893342,1.529585079
scandens,19.47,70.76,19.33,14.34,9.42,8.59,1.160226775,1.089149803,1.524933735
scandens,21.03,71,20.93,13.83,9.2,8.43,2.416559694,0.613468494,1.398005202
scandens,21.72,76.58,21.13,15.09,9.28,8.64,3.712704789,1.251209186,1.993790315
scandens,22.2,72,21.5,14.9,8.8,8,3.177493872,0.202706043,2.38209319
scandens,23.1,72,21,15.8,10,9.3,3.126040541,2.657588417,1.793896633
scandens,20.5,72,21.7,16,9.6,9,2.881945773,2.116531331,2.216952258
scandens,19,74,21.3,14.8,9.5,8.3,2.685451451,1.00448608,1.889044662
scandens,21.55,72,20.8,14.35,9.05,9.25,2.65485681,1.448884693,1.385321533
scandens,21,73,21.1,14,9.3,8.8,2.867572214,1.100585706,1.283697666
scandens,21.6,75,21.1,14.95,9,8.4,3.377527868,0.760661334,2.142323702
scandens,17.3,72,20.05,13.6,8.95,8.5,1.25653889,0.421002977,1.339693509
scandens,21.15,74,20.75,15.1,9.25,8.65,2.90251707,1.240765387,2.007728349
scandens,21.17,69,20.43,15.07,8.87,8.57,1.817403911,0.861231156,2.188796946
scandens,24.4,75,21.4,15.8,9.7,9,4.196364271,2.134581885,2.059147771
scandens,21,74,20.4,14.9,9.7,9.5,2.682484099,2.355313172,1.311086327
scandens,23.2,75,20.8,15.2,9.6,9.1,3.596728405,1.977714447,1.710024621
scandens,23.9,75,21.9,14.9,9.4,9.3,4.342184597,1.929571228,1.530461889
scandens,21.52,72.7,21.27,15.2,9.25,8.65,3.024673416,1.270275571,2.065359857
scandens,23.5,75.33,21.7,13.43,9.3,8.73,4.203092826,0.864292445,0.987310975
scandens,22.19,74.84,21.6,14.15,9.3,9.25,3.751025841,1.582541631,1.16370484
scandens,24,77,21.6,15.2,9.8,9.8,4.575914066,2.812708411,1.303812654
scandens,21.95,71.5,20.95,14.65,9.45,8.7,2.736256234,1.310743697,1.640365835
scandens,23.3,72.7,21.8,14.53,9.43,9,3.724212355,1.551711058,1.442089595
scandens,20.6,76,22,14.75,9.3,8.65,3.800615287,1.176015204,1.784747337
scandens,23.2,77,20.8,15.35,9.85,9.4,3.965133567,2.506450794,1.55249148
scandens,22.85,74.33,21.4,14.47,9.62,9.23,3.707276438,1.904148253,1.221168073
scandens,18,72,20.1,14.3,9,9,1.448059037,1.152432669,1.492465452
scandens,24.6,76,21.2,15.3,9.9,9.2,4.322238722,2.335701987,1.594156141
scandens,18.7,71,20,13.8,8.6,8,1.376242883,-0.276047826,1.833229548
scandens,20.69,72.33,21.19,15.04,9.21,8.73,2.718502297,1.270042578,1.953465573
scandens,21,71,21.1,14.9,9.4,9,2.499167052,1.637777462,1.668088615
scandens,19.8,72,19.9,14.1,9,8.4,1.767198885,0.509824769,1.652455887
scandens,21.31,76.84,20.8,14.29,9.37,8.9,3.489777105,1.337379474,1.375174434
scandens,21.54,74.15,21.05,13.9,9.22,8.56,3.180422718,0.775983772,1.370200716
scandens,19.33,73.34,20.9,14.04,9.02,8.98,2.430707263,1.071667457,1.343290353
scandens,22.3,72,20.8,13.6,8.9,8.6,2.831794924,0.479732104,1.315088669
scandens,20.31,70.84,20.34,13.84,8.91,8.65,1.905967389,0.606895932,1.426212353
scandens,20.96,67.33,21.44,14.04,9.06,8.6,1.993076647,0.732890389,1.50060095
scandens,19.83,70.66,21.05,14.65,9.13,8.26,2.134136809,0.636152557,1.978351072
scandens,20.7,73,20.6,13.7,8.4,8.2,2.5330179,-0.265170677,1.768929832
scandens,19.14,71.65,21.2,14.15,8.93,8.31,2.232848019,0.383092086,1.752338688
scandens,19.3,72,19.7,14.7,8.7,8.2,1.543728514,0.26114393,2.217620496
scandens,17.74,67.15,19.9,13.75,8.7,8.81,0.387826345,0.574111171,1.390280165
scandens,19.76,72.33,20.45,14.09,8.91,8.6,2.108706013,0.632039098,1.59322891
scandens,22.9,73,22,15.3,10.1,9.1,3.790617762,2.392579243,1.554948774
scandens,23.5,75.15,22.35,15.2,10.27,9.36,4.512849151,2.746977557,1.305720271
scandens,19.13,72.34,20.2,14.14,9.02,8.68,1.830030488,0.809383875,1.538548586
scandens,21.1,74,22.2,16,9.5,8.9,3.655680496,1.94219582,2.305369303
scandens,21.9,72.5,21.25,14.9,9.65,9.15,3.066930382,1.97635165,1.492921575
scandens,21.24,72.65,20.25,13.95,9.28,8.66,2.411297091,0.934246006,1.327616012
scandens,19.7,72,21.1,14.2,9.2,8.3,2.376676901,0.596212209,1.670880028
scandens,21.4,71,21,14.3,9.1,9,2.540778233,1.229503591,1.449923981
scandens,18.25,70,20.9,14,8.5,7.95,1.560679757,-0.342730674,2.013971821
scandens,19.4,72,21.7,14.3,8.9,8.4,2.622436538,0.491774215,1.810260373
scandens,17.41,68.84,20.4,14.04,7.96,7.85,0.885055005,-0.84437417,2.312623942
scandens,18.6,70,20,13,8.3,8.1,1.168448553,-0.646077476,1.453926324
scandens,16.25,69.5,19.6,13.9,8.9,8.45,0.310917915,0.422365773,1.556796555
scandens,17.8,66,19.8,13.87,8.8,7.83,0.137392612,-0.266598653,1.866477139
scandens,18.6,70,20.4,14.9,8.6,7.9,1.379471808,-0.04870039,2.513051707
scandens,20.51,72.33,21.15,14.44,9.51,8.85,2.654934824,1.440911747,1.425001424
scandens,19,68,20.2,14.5,9.1,8.6,0.999922013,0.899465605,1.748689297
scandens,20.05,70,19.5,14.6,9.1,8.45,1.246749839,0.783078906,1.875134167
scandens,17.6,68,20.6,13.6,8.6,8.2,0.880660787,-0.140539017,1.626215382
scandens,19.4,69,19.5,12.8,10,8.6,0.909200892,1.091430777,0.386080428
scandens,20,74,20.9,14.9,8.9,8.3,2.710345682,0.571570731,2.201924994
scandens,21.75,74,21.95,14.35,9.2,8.8,3.677137327,1.126800428,1.527949414
scandens,18.85,69,20.45,14.2,9.1,8.5,1.280626505,0.713670464,1.621670349
scandens,21.25,72.5,22.25,14.45,9.85,9.25,3.441142154,2.094962255,1.102621273
scandens,21.8,73,22.1,14.9,8.5,8,3.583864341,-0.028506724,2.509717603
scandens,18.13,73.34,20.1,13.84,9.02,8.88,1.725559769,0.9153825,1.273902912
scandens,15.91,64.83,20.45,12.34,8.81,7.9,-0.181095667,-0.642312165,0.948348021
scandens,20,75,21,15,9.1,9.1,2.947304077,1.533339468,1.80746896
scandens,21.1,74.5,20.7,15,9.35,8.85,2.95644458,1.482855302,1.81580422
scandens,21.77,74.33,21.3,14.34,9.01,8.5,3.399729739,0.685620892,1.740641783
scandens,20.3,72.5,21.5,13.85,8.9,9,2.821351939,0.942565918,1.275665138
scandens,17.67,69,20.47,13.15,8.4,7.87,1.012795035,-0.748449832,1.603345937
scandens,21.4,72.5,21.65,14.85,9.25,8.6,3.159994894,1.118357632,1.886587367
scandens,23.87,74.33,23.2,14.77,9.73,9.43,4.897516922,2.271985997,1.255515828
scandens,19.8,71.5,20.05,14.45,9.2,8.55,1.754231315,0.913149141,1.70026986
scandens,20,74,19.3,12,9.9,9.6,1.866252662,1.750924268,-0.491185913
scandens,19.95,71.75,21.7,14.57,8.95,8.9,2.70614051,1.096310116,1.715216833
scandens,19.08,65.84,18.85,11.69,9.07,8.93,-0.091285649,0.368081299,-0.009383026
scandens,22,74,20.8,14.5,8.7,8.3,3.12942484,0.29938815,2.056481905
scandens,20.75,73.7,20.95,14.17,8.72,8.8,2.858400929,0.70374167,1.628411761
scandens,20.7,74,21.3,14.3,9.6,8.9,3.086511177,1.517593614,1.283092202
scandens,16.2,72,19,14,9.3,8.9,0.443093611,1.197850295,1.237822091
scandens,23.3,78,20.7,14.9,10.4,9.3,4.120172083,2.70028045,1.105047181
scandens,16.85,69.5,19.7,12.15,8.4,7.95,0.50522422,-0.965740001,0.9903304
scandens,16.8,73,19.5,13.7,8.9,8.5,1.032625752,0.4119777,1.418595752
scandens,21.8,71,20.5,15,10.1,9.6,2.371366159,2.790371633,1.152676376
scandens,20.4,75,21.5,14.4,8.9,8.3,3.30545014,0.424019811,1.913767456
scandens,18.9,70,20.2,12.8,8.8,8,1.344735426,-0.417007822,1.171831529
scandens,19.9,72.5,21.05,14.05,9.25,8.5,2.489583782,0.785011572,1.471410881
scandens,18.9,73,21.1,13.1,8.7,8.4,2.372145493,-0.016489838,1.203765223
scandens,19.3,72,21,12.9,8.4,8.1,2.229554093,-0.598516738,1.353753345
scandens,20.4,74,21.5,14.8,9.5,8.8,3.121247559,1.490809023,1.659666786
scandens,18.35,70.5,20.5,14.15,8.65,8.35,1.465349541,0.206199339,1.853104576
scandens,14.8,66,20,12.7,8.6,7.8,-0.464848219,-0.795189027,1.291034113
scandens,20,,21.1,14.1,9.3,8.4,,0.741037536,1.524831474
scandens,17.1,69,20.8,14.6,9,8.6,1.052416253,0.851904867,1.848862275
scandens,17,68,19.7,12,10.2,9.5,0.264307972,1.884872446,-0.572934751
scandens,19,72,20.7,13,8.5,8.3,2.000511406,-0.297406455,1.277092232
scandens,20.3,75,22,14.6,9.75,9.6,3.54563746,2.402582669,1.071045493
scandens,20.3,73,21.4,13.8,9.1,8.7,2.860697415,0.790158905,1.299393168
scandens,17.8,71,20,13.9,9.3,8.9,1.163917145,1.168340111,1.180190584
scandens,16.4,68,19.9,13.6,8.6,8.6,0.228269108,0.248519337,1.442713082
scandens,15.3,72,21.4,13.8,8.5,8.1,1.496907403,-0.25585416,1.829895443
scandens,17,69,20.8,14.4,9,8.6,1.028824504,0.792884499,1.73359926
scandens,20.3,73,20,13.9,9,8.6,2.122116023,0.645333578,1.445441721
scandens,14.2,65,19.7,12.7,8.4,8,-0.948868733,-0.754801695,1.284365905
scandens,13.3,70,20,13.2,7.8,7.9,-0.081914124,-1.166940897,1.873647843
scandens,15.4,69,19.9,13,8.5,8.1,0.176554202,-0.491935632,1.368843382
scandens,18.7,69,20.9,14.3,9.1,8.7,1.482640044,0.937709825,1.587550706
scandens,17.7,70,19.9,14.7,8.2,8.3,0.903367002,-0.026946093,2.384452275
scandens,16.6,67,20,13.5,8.1,8.1,0.144005837,-0.652668401,1.827166804
scandens,18.6,73,21,14,9.4,9,2.248614434,1.372185806,1.149405045
scandens,20.8,72,20.8,13.1,9,8.5,2.477918695,0.311987518,1.030265235
scandens,15.5,68,20.6,12.9,8.8,8.2,0.385234066,-0.192968461,1.137711886
scandens,18.9,73,20.5,14.6,10.1,9.5,2.055610611,2.575066309,0.96802592
scandens,15.9,67,19.7,13.3,8.8,7.9,-0.179403844,-0.36672149,1.505864642
scandens,19.8,75,20.3,14.8,9.5,9.3,2.530829883,1.977131966,1.430288911
scandens,17.1,70,20.3,12.8,8.7,8.3,0.972839765,-0.202284978,1.076746275
scandens,17.7,71,20,12.6,8.6,8.3,1.140325396,-0.338376269,1.00402473
scandens,15.6,67,19.1,11.8,7.9,7.9,-0.566713973,-1.503012551,1.024265265
scandens,19.4,66,20,13.7,9,8.7,0.620372218,0.683577799,1.284303131
scandens,15.6,,19.6,13.8,8.9,8.5,,0.441487884,1.47622726
scandens,20.3,75,22.1,13.1,8.9,8.8,3.598393274,0.526710361,0.935179981
scandens,19.6,71,20.7,14.2,9,9,1.957859317,1.122922485,1.434833944
scandens,19.3,70,20,12.6,8.6,8.4,1.333590793,-0.24111168,0.958149155
scandens,19.8,72,20.6,13.7,8.3,8,2.136489581,-0.536770777,1.903222453
scandens,21.75,69.5,21.45,14.2,8.85,8.45,2.584446644,0.472360864,1.750961813
scandens,20.1,70,20.5,13.9,8.7,8.7,1.786103851,0.5113854,1.527190559
scandens,19.5,69,21.3,14.3,9.8,9,1.882397289,1.769000047,1.152133685
scandens,18.6,73,22.1,14.3,9.1,8.4,2.828928385,0.64591606,1.725177431
scandens,19.3,69,20.7,13.3,8.3,8.4,1.518678909,-0.265753159,1.489194121
scandens,19.7,72,21,14.1,9.4,8.8,2.323921088,1.207166813,1.298787703
scandens,19.4,72,19.4,14.6,8.6,7.9,1.409052822,-0.137230942,2.340157184
scandens,21.5,75,21.2,15.8,9.5,8.8,3.406691933,1.785910863,2.235981863
scandens,20.4,72,21.3,14.5,9.9,8.6,2.647330769,1.516032983,1.40835753
scandens,17.6,70,20,13.9,8,8.1,0.932531067,-0.611698587,2.100234305
scandens,19.5,69,20.6,13.3,8.7,8.1,1.513106592,-0.249263235,1.456654963
scandens,19.3,73,20.5,14.1,8.5,8.1,2.149977605,-0.167323608,2.002789966
scandens,18.37,67.7,20.33,14.4,8.23,8.23,0.86461578,-0.160440581,2.230908213
scandens,20,71,21,14.8,9.5,9.5,2.210493752,2.171661143,1.338537761
scandens,19.4,73,19.8,13.7,8.9,8.6,1.804278658,0.509242288,1.372720177
scandens,19.6,70,20.6,14,9.2,9,1.720900922,1.218043961,1.234487987
scandens,19.8,71,20.3,14.2,9.4,8.6,1.794019559,1.04214782,1.448170361
scandens,22.4,73,22.4,14.9,9.7,9.3,3.883682274,2.160783994,1.402837477
scandens,16.6,67,19.6,12.6,8.8,8.5,-0.067017418,0.010294753,0.827190638
scandens,18.7,72,20,13.7,8.7,8.4,1.560445464,0.160571266,1.549554269
scandens,20.2,72,21.3,14.1,9.6,8.5,2.600147272,1.069514892,1.351331487
scandens,20.6,71,22.4,14.7,9.4,9.2,3.090625637,1.773286271,1.461074449
scandens,19.05,72.5,20.35,13.55,9,8.6,1.919763223,0.542047934,1.243731444
scandens,17.65,71,20.55,13.75,8.3,8.05,1.418686498,-0.473383391,1.909100419
scandens,19.6,69,21,14.2,8.8,8.4,1.747721596,0.385193109,1.795170336
scandens,20.1,73,20.5,14.7,9,8.9,2.338711594,1.173208816,1.768867058
scandens,16.4,66,19.5,13.2,8.4,8.2,-0.35115931,-0.412721598,1.480772293
scandens,20.2,72.5,21.3,14.55,9.15,8.55,2.692248562,0.904123864,1.779172103
scandens,20.8,71,21,14.1,9,8.5,2.399227741,0.607089358,1.606580312
scandens,18.6,71,21.4,14.5,8.8,8.5,2.091232527,0.570988249,1.922189284
scandens,17.8,67,19.7,14.1,9,8.8,0.26883938,0.898883124,1.468953587
scandens,18.5,71,21,14.6,10.4,9.3,1.856617523,2.611749898,0.932152658
scandens,19.5,72,20.7,13.6,9.3,8.7,2.118470149,0.885280382,1.099047211
scandens,15.68,67,19.8,11.55,8.1,7.95,-0.178549877,-1.374013872,0.772165766
scandens,19.7,71,20.9,13.3,8.8,8.1,2.086962693,-0.172192313,1.414113492
scandens,20.7,68,20.1,13.8,9.1,8.7,1.348225926,0.790158905,1.299393168
scandens,19.3,67,20.4,13.4,8.5,7.9,0.992006305,-0.568424073,1.691120563
scandens,19.5,70,20,13.4,8.8,8.4,1.380774291,0.149111637,1.334118275
scandens,21.85,73,22.5,13.8,9.85,9.65,3.80668347,2.292204413,0.544514173
scandens,22.35,75,21.35,14,9.1,8.55,3.686355517,0.70328239,1.483469546
scandens,20.45,72.5,20.95,13.95,9.2,8.75,2.566582586,0.960127398,1.320361171
scandens,18.2,68,20.2,12.4,9.1,8.7,0.811188024,0.377016329,0.49255206
scandens,17.5,70,21.8,12.8,8.7,8.7,1.858543966,0.186773376,0.893243974
scandens,21.3,69,21,14,9.5,8.9,2.148781322,1.351992139,1.15273915
scandens,22.4,71,22,14.3,9.8,9.4,3.304253857,2.158058401,0.968631385
scandens,16.8,67,20.7,13.5,8.5,8.1,0.560480031,-0.344384712,1.65700092
scandens,21.7,72,21.6,14,8.6,8.7,3.112290943,0.463824662,1.627363538
scandens,21.1,75,21.7,13.8,9.9,8.7,3.576104008,1.406726283,0.959061401
scandens,18.45,68,20,13.4,8.45,8.3,0.764655768,-0.21790118,1.528888998
scandens,18.8,70,19.3,13.9,8.3,8.1,0.846341354,-0.38048582,1.972609893
scandens,17.4,70,20,14,8.6,8,0.88534757,-0.217027458,1.948492563
scandens,17.35,69,20.9,12.9,8.75,8.35,1.164151438,-0.085607039,1.090169259
scandens,18.6,73,19.9,13.2,8.4,8.4,1.668300482,-0.218192421,1.389021143
scandens,20.4,75,21.1,14.1,9.5,9.6,3.094426885,2.062354443,0.889241632
scandens,21.35,72,21.9,14.35,9,8.35,3.187987264,0.534967935,1.819472444
scandens,19.1,66,19.4,12.3,8.8,8,0.233062089,-0.564558742,0.88367399
scandens,18.8,73,21.4,13.6,9,8.6,2.506821186,0.556803026,1.272547198
scandens,23.8,80,22,15,10,9.8,5.292361567,2.907829888,1.103466697
scandens,18.2,73,19.8,12.9,9.2,8.6,1.521177674,0.504373583,0.784043703
scandens,18.8,70,20.6,13,9,9,1.532166933,0.768800276,0.743255852
scandens,18.5,67,20.2,14.6,9.1,8,0.697760689,0.345388258,2.081574255
scandens,19.6,71,19.1,13.5,8.5,8.3,1.113766296,-0.149855535,1.56524977
scandens,16.9,69,18.9,14.2,8.8,8.5,0.002872294,0.482457697,1.749294761
scandens,19.8,72,21.3,15.5,10.1,9.2,2.505780277,2.548864199,1.624336215
scandens,20.9,74,21.7,13.5,8.7,8.4,3.344717929,0.101550898,1.434291253
scandens,18.8,70.5,18.75,12.35,8.75,8.5,0.648285669,-0.102016168,0.704382604
scandens,21.1,75,21.7,14.6,9,8.7,3.576104008,0.949169455,1.8029867
Sf,20.83,73.35,21.04,14.2,9.25,9.05,2.860283657,1.364232085,1.30554248
SF,23.03,74.33,21.53,15.07,8.77,8.3,3.818324143,0.521545845,2.35520247
SF,23.4,75,21.3,13.7,9.3,8.7,3.907690971,0.914790566,1.156678718
Sf,20.04,72.15,20.45,13.83,9.28,8.94,2.141606444,1.171174633,1.130006592
SF,17.92,66.39,18.7,10.94,9.86,8.9,-0.342772234,0.726435828,-0.763934281
SF,16.2,70,19.3,10.6,8.6,8.7,0.23295589,-0.539521595,-0.332107724
SF,15.5,70,19.6,11.1,8.8,8.6,0.226081091,-0.335093419,-0.083157552
SF,13.8,66,19.1,10.9,8.1,7.7,-1.175568029,-1.80899154,0.512249904
SF,18.4,72,20.1,12.9,8.9,8.3,1.542426032,-0.01863295,1.049294841
SF,13,64,18.1,10.1,8.3,7.6,-2.260265317,-1.988195756,0.011990476
Sf,20,71,20.8,14.2,8.9,8.5,2.104982125,0.55952862,1.70675329
Sf,21.13,73.7,20.83,14.63,9.37,8.93,2.884742597,1.466893476,1.557358888
SF,13.6,67,20,11.5,8.8,7.8,-0.563746621,-0.995169391,0.514373079
SF,16.69,67.33,18.99,11.34,9.31,8.73,-0.306808456,0.255236692,-0.221441683
Sf,18,71,20.1,12.7,8.6,8.6,1.263856456,-0.017072319,0.924029513
SF,17.6,69,20.7,11.6,10.5,9.5,1.117619182,1.998044477,-0.931085194
SF,14.6,68,19.2,10.7,8.7,7.9,-0.565673064,-1.211057197,0.049986913
SF,18.4,69,20,11.8,8.3,8.1,0.937062475,-1.000199685,0.762348231
SF,17.3,69,19.2,12.1,8.9,8.6,0.25550673,0.037079344,0.450616054
SF,16.3,64,19.3,10.7,8.9,8.4,-0.848667848,-0.57059241,-0.264473904
SF,18.7,69,20.3,13.8,9.3,8.6,1.166105162,0.847036161,1.260185801
SF,20.7,75,21.5,14,9.5,9,3.376225386,1.449256728,1.106863574
SF,15,66,19.4,11,9.2,8.9,-0.734199604,0.235473852,-0.448581669
SF,13.4,66,18.7,10.1,8.5,8.3,-1.480958278,-1.153201792,-0.394221491
SF,19.9,65,19.6,11.4,9.1,8.5,0.343105125,-0.112614688,0.007988133
SF,15.2,64,17.9,9.8,8.2,7.5,-1.846758475,-2.251061819,-0.072487001
SF,19.15,71.5,20.25,13.8,11,9.95,1.706396576,3.470313785,-0.082339467
SF,15.9,67,19.3,10.5,8.3,7.7,-0.390427099,-1.772890431,0.196640931
SF,17.7,72,20.5,13,9.1,8.9,1.588307046,0.74860661,0.746589956
Sf,18,68,20.1,14.5,8.6,8.1,0.711248713,0.027788051,2.190774526
SF,18.43,71,20.47,12.1,8.9,8.73,1.560497486,0.163523309,0.390977806
SF,16,68,19.7,12.6,8.6,8.3,0.028390486,-0.338376269,1.00402473
SF,20.2,74,20.8,13.9,9.55,9.3,2.704773365,1.750075771,0.890334606
SF,18.8,72,20.5,12.2,9.8,9,1.847816281,1.149286182,-0.058127977
Sf,18.1,71,21,13.1,8.8,8.9,1.762250529,0.546904027,0.931845876
SF,16.5,68,18.8,11.1,8.4,7.8,-0.328453095,-1.421493816,0.454012932
SF,18.9,69,20.1,12.3,9,9,1.107777032,0.562228988,0.339835298
SF,15.85,66.6,19,10.7,10.1,9.15,-0.634171447,1.083743072,-1.119038367
Sf,16,65,21.6,12.6,7.8,7.5,0.478143204,-1.733060355,1.711361098
SF,16.5,67,19,11.5,9.1,8.7,-0.407144049,0.111424673,-0.026131509
SF,18.2,70,19.9,12.5,9.3,8.9,1.021325745,0.755197535,0.373349476
SF,15.7,69,19.1,11.2,9,8.5,-0.174717062,-0.248705979,-0.064733411
SF,18.9,69,20.7,13.1,8.2,8,1.424311914,-0.790902803,1.599974877
Sf,20.4,74,21.2,13.3,9.7,9.8,2.962980118,2.174943993,0.251355478
SF,16.2,65,20,12.5,8.5,8.7,-0.318766319,-0.055899021,0.805432393
SF,16.6,69,20,11.7,9,8.6,0.512411,-0.00389047,0.177548552
SF,20.5,75,21.9,13.8,9.5,9.8,3.540065144,2.168353068,0.624595959
SF,22.3,72,21.4,13.3,10.3,9.7,3.148329807,2.540104938,0.041982228
SF,19.2,71,20.4,13.1,9,8.4,1.705224881,0.214722929,1.07614081
SF,22.2,71,22,12.8,8.8,8.6,3.25707036,0.16657971,0.896578079
SF,12.8,66,18.7,9.2,8,7.6,-1.62250877,-2.485000179,-0.379068681
SF,18.6,70,20.2,12.4,8.4,8.6,1.273960181,-0.259744716,0.836217931
SF,20,69,20.8,13.6,10.5,9.9,1.736576963,2.977306512,0.038042659
SF,14.4,63,18.6,10.5,8.6,8.4,-1.850404349,-0.860825545,-0.252112507
Sf,18.7,71,20.3,13.2,9.15,9.4,1.534510324,1.332485382,0.611204361
SF,18.8,71,20.7,12.5,8.85,8.9,1.769125328,0.408378384,0.564786095
SF,19.3,72,19.9,13.2,10.2,9.9,1.649240142,2.628053009,-0.064858959
SF,21.1,72,21.6,13,10,9.5,2.970740451,2.025832442,0.088463268
SF,16.3,69,19.1,13.6,8.8,8.3,-0.03316657,0.110867416,1.495256865
Sf,21.7,74,20.6,13.8,9.8,9.7,2.953137967,2.302301247,0.542847121
SF,16.6,65,19.7,11.6,8.4,7.8,-0.382666766,-1.273942896,0.74217047
SF,17.9,67,22.2,13,8.9,8.8,1.611326472,0.497200177,0.877548473
SF,18.8,72,20.3,13.7,9.4,8.8,1.742304654,1.089126077,1.068261672
Sf,19.2,73,21.2,13.7,9.5,9.1,2.495676553,1.457990764,0.888093476
SF,19,69,19.8,12.8,9.2,8.9,0.973101339,0.766657164,0.58878547
SF,19.7,70,20.7,13.3,9.8,8.8,1.797248484,1.27936903,0.667569758
Sf,20.4,69,21.1,13.8,9.7,9.7,1.989211399,2.225230324,0.585388592
SF,16.5,67,19.9,12.3,7.9,7.9,0.067658275,-1.355461631,1.312422803
SF,18,68,19.6,12.4,8.5,8,0.447469644,-0.766261325,1.068929911
SF,18.8,72,21.4,13.9,9,8.7,2.322618605,0.742598167,1.399566146
Sf,15.8,67,18.8,10.7,8.5,8.3,-0.677797917,-0.976140687,-0.048432445
SF,18.6,70,20.3,13,9.2,8.7,1.326715994,0.631148355,0.795799635
SF,18,67,20.1,12,9.3,8.9,0.527046132,0.607646614,0.085191937
SF,18.1,71,20.1,12.2,8.6,8.4,1.287448205,-0.359152416,0.727623124
SF,18,68,19.8,12.3,9.8,8.5,0.552981272,0.692473424,0.228881406
SF,18.2,70,20.4,11.9,8.5,8.4,1.285104814,-0.524753891,0.597270072
SF,19,70,20.5,12.5,8.6,8.8,1.526594616,0.11843649,0.717015347
SF,13.9,65,17.9,9.9,8.3,8.3,-1.969248626,-1.366364004,-0.424401565
SF,17.2,68,19.6,12.1,9.3,9.2,0.258735655,0.928950564,0.00519672
SF,17,69,19.7,11.3,8.7,8.9,0.448510553,-0.061350207,-0.062979791
Sf,15.1,65,19.6,10.4,8.3,8.3,-0.789298809,-1.218813084,-0.136244027
SFf,16.3,68,20,12.9,9,8.7,0.257433173,0.447496327,0.823251069
SFf,20.5,73,20.2,14.4,9.4,9.1,2.274811147,1.58749113,1.334055501
SFf,21.5,73,20,13,9.7,9.5,2.405217006,1.794619675,0.21608768
SfF,13.4,67,19.8,10.4,8.7,8.8,-0.716441746,-0.424206452,-0.535787785
SFf,21.6,73,21.8,13.9,9.8,10.2,3.378413403,2.818134373,0.371100753
SfF,15.8,65,19,11,9.4,8.7,-0.940691451,0.195086519,-0.44191346
SfF,18.5,70,21.1,12.3,8.4,8.6,1.725170756,-0.2892549,0.778586424
SfF,20.5,78,19.3,13.6,9.9,9.2,2.721021729,1.834028858,0.61442051
SFf,15,66,17.4,10.6,8.3,8.1,-1.789315879,-1.354321893,0.070770139
SFf,16,68,20.2,14,9.5,8.9,0.292169554,1.351992139,1.15273915
SFf,13.9,66,17.1,11.7,7.7,7.4,-2.207092555,-2.172987522,1.281094574
SFf,18.5,72,20.7,12.7,8.8,8.6,1.882552663,0.137069526,0.838946571
SFf,19,68,19.9,12,8.2,8.2,0.841654572,-0.92098565,0.874277142
SFf,17.3,67,20.2,11,9.8,9.2,0.414659705,0.989693151,-0.841457219
SfF,14.2,65,18.4,10,7.4,7.6,-1.634694312,-2.71134424,0.337232206
,,,,,,,,,
,,,,,,,,,
Abbreviations:,,,,,,,,,
,,,,,,,,,
F,G. fortis,,,,,,,,
f,G. fuliginosa,,,,,,,,
S,G. scandens,,,,,,,,